  % Total    % Received % Xferd  Average Speed  Time    Time    Time   Current
                                 Dload  Upload  Total   Spent   Left   Speed
  0      0   0      0   0      0      0      0                              0  0      0   0      0   0      0      0      0                              0  0      0   0      0   0      0      0      0                              0
  0      0   0      0   0      0      0      0                              0100  8.25M   0  8.25M   0      0  6.56M      0           00:01          8.12M100 11.98M   0 11.98M   0      0  6.62M      0           00:01          8.12M100 11.98M   0 11.98M   0      0  6.62M      0           00:01          8.12M100 11.98M   0 11.98M   0      0  6.62M      0           00:01          8.12M
.deps/46a37f86b650bfc90b6cd852771bd31952688097/cub/cub/agent/agent_histogram.cuh(336): error: no instance of overloaded function "atomicAdd_block" matches the argument list
            argument types are: (int64_t *, int64_t)
              {atomicAdd_block(privatized_histograms[ch] + bins[pixel], accumulator);}
               ^
/usr/local/cuda-13.2/bin/../targets/x86_64-linux/include/sm_60_atomic_functions.hpp(346): note #3326-D: function "atomicAdd_block(double *, double)" does not match because argument #1 does not match parameter
  double atomicAdd_block(double *address, double val)
         ^
/usr/local/cuda-13.2/bin/../targets/x86_64-linux/include/sm_60_atomic_functions.hpp(334): note #3326-D: function "atomicAdd_block(float *, float)" does not match because argument #1 does not match parameter
  float atomicAdd_block(float *address, float val)
        ^
/usr/local/cuda-13.2/bin/../targets/x86_64-linux/include/sm_60_atomic_functions.hpp(322): note #3326-D: function "atomicAdd_block(unsigned long long *, unsigned long long)" does not match because argument #1 does not match parameter
  unsigned long long atomicAdd_block(unsigned long long *address, unsigned long long val)
                     ^
/usr/local/cuda-13.2/bin/../targets/x86_64-linux/include/sm_60_atomic_functions.hpp(310): note #3326-D: function "atomicAdd_block(unsigned int *, unsigned int)" does not match because argument #1 does not match parameter
  unsigned int atomicAdd_block(unsigned int *address, unsigned int val)
               ^
/usr/local/cuda-13.2/bin/../targets/x86_64-linux/include/sm_60_atomic_functions.hpp(298): note #3326-D: function "atomicAdd_block(int *, int)" does not match because argument #1 does not match parameter
  int atomicAdd_block(int *address, int val)
      ^
          detected during:
            instantiation of "void cub::_V_300600_SM_890::detail::histogram::AgentHistogram<AgentHistogramPolicyT, PrivatizedSmemBins, NumChannels, NumActiveChannels, SampleIteratorT, CounterT, PrivatizedDecodeOpT, OutputDecodeOpT, OffsetT>::AccumulatePixels(cub::_V_300600_SM_890::detail::histogram::AgentHistogram<AgentHistogramPolicyT, PrivatizedSmemBins, NumChannels, NumActiveChannels, SampleIteratorT, CounterT, PrivatizedDecodeOpT, OutputDecodeOpT, OffsetT>::SampleT (*)[NumChannels], __nv_bool *, TwoDimSubscriptableCounterT &, cuda::std::__4::true_type) [with AgentHistogramPolicyT=cub::_V_300600_SM_890::detail::agent_histogram_policy<384, 16, cub::_V_300600_SM_890::BLOCK_LOAD_DIRECT, cub::_V_300600_SM_890::LOAD_LDG, true, cub::_V_300600_SM_890::SMEM, false, 4>, PrivatizedSmemBins=256, NumChannels=1, NumActiveChannels=1, SampleIteratorT=int8_t *, CounterT=int64_t, PrivatizedDecodeOpT=cub::_V_300600_SM_890::detail::histogram::Transforms<int, int, signed char>::PassThruTransform, OutputDecodeOpT=cub::_V_300600_SM_890::detail::histogram::Transforms<int, int, signed char>::ScaleTransform, OffsetT=int, TwoDimSubscriptableCounterT=int64_t [1][257]]" at line 477
            instantiation of "void cub::_V_300600_SM_890::detail::histogram::AgentHistogram<AgentHistogramPolicyT, PrivatizedSmemBins, NumChannels, NumActiveChannels, SampleIteratorT, CounterT, PrivatizedDecodeOpT, OutputDecodeOpT, OffsetT>::ConsumeTile<IsAligned,IsFullTile>(OffsetT, int) [with AgentHistogramPolicyT=cub::_V_300600_SM_890::detail::agent_histogram_policy<384, 16, cub::_V_300600_SM_890::BLOCK_LOAD_DIRECT, cub::_V_300600_SM_890::LOAD_LDG, true, cub::_V_300600_SM_890::SMEM, false, 4>, PrivatizedSmemBins=256, NumChannels=1, NumActiveChannels=1, SampleIteratorT=int8_t *, CounterT=int64_t, PrivatizedDecodeOpT=cub::_V_300600_SM_890::detail::histogram::Transforms<int, int, signed char>::PassThruTransform, OutputDecodeOpT=cub::_V_300600_SM_890::detail::histogram::Transforms<int, int, signed char>::ScaleTransform, OffsetT=int, IsAligned=true, IsFullTile=false]" at line 572
            instantiation of "void cub::_V_300600_SM_890::detail::histogram::AgentHistogram<AgentHistogramPolicyT, PrivatizedSmemBins, NumChannels, NumActiveChannels, SampleIteratorT, CounterT, PrivatizedDecodeOpT, OutputDecodeOpT, OffsetT>::ConsumeTiles<IsAligned>(OffsetT, OffsetT, OffsetT, int, cub::_V_300600_SM_890::GridQueue<int>, cuda::std::__4::false_type) [with AgentHistogramPolicyT=cub::_V_300600_SM_890::detail::agent_histogram_policy<384, 16, cub::_V_300600_SM_890::BLOCK_LOAD_DIRECT, cub::_V_300600_SM_890::LOAD_LDG, true, cub::_V_300600_SM_890::SMEM, false, 4>, PrivatizedSmemBins=256, NumChannels=1, NumActiveChannels=1, SampleIteratorT=int8_t *, CounterT=int64_t, PrivatizedDecodeOpT=cub::_V_300600_SM_890::detail::histogram::Transforms<int, int, signed char>::PassThruTransform, OutputDecodeOpT=cub::_V_300600_SM_890::detail::histogram::Transforms<int, int, signed char>::ScaleTransform, OffsetT=int, IsAligned=true]" at line 686
            instantiation of "void cub::_V_300600_SM_890::detail::histogram::AgentHistogram<AgentHistogramPolicyT, PrivatizedSmemBins, NumChannels, NumActiveChannels, SampleIteratorT, CounterT, PrivatizedDecodeOpT, OutputDecodeOpT, OffsetT>::ConsumeTiles(OffsetT, OffsetT, OffsetT, int, cub::_V_300600_SM_890::GridQueue<int>) [with AgentHistogramPolicyT=cub::_V_300600_SM_890::detail::agent_histogram_policy<384, 16, cub::_V_300600_SM_890::BLOCK_LOAD_DIRECT, cub::_V_300600_SM_890::LOAD_LDG, true, cub::_V_300600_SM_890::SMEM, false, 4>, PrivatizedSmemBins=256, NumChannels=1, NumActiveChannels=1, SampleIteratorT=int8_t *, CounterT=int64_t, PrivatizedDecodeOpT=cub::_V_300600_SM_890::detail::histogram::Transforms<int, int, signed char>::PassThruTransform, OutputDecodeOpT=cub::_V_300600_SM_890::detail::histogram::Transforms<int, int, signed char>::ScaleTransform, OffsetT=int]" at line 515 of .deps/46a37f86b650bfc90b6cd852771bd31952688097/cub/cub/device/dispatch/kernels/kernel_histogram.cuh
            instantiation of "void cub::_V_300600_SM_890::detail::histogram::DeviceHistogramSweepKernel<PolicySelector,PrivatizedSmemBins,NumChannels,NumActiveChannels,SampleIteratorT,CounterT,PrivatizedDecodeOpT,OutputDecodeOpT,OffsetT>(SampleIteratorT, cuda::std::__4::array<int, NumActiveChannels>, cuda::std::__4::array<int, NumActiveChannels>, cuda::std::__4::array<CounterT *, NumActiveChannels>, cuda::std::__4::array<CounterT *, NumActiveChannels>, cuda::std::__4::array<OutputDecodeOpT, NumActiveChannels>, cuda::std::__4::array<PrivatizedDecodeOpT, NumActiveChannels>, OffsetT, OffsetT, OffsetT, int, cub::_V_300600_SM_890::GridQueue<int>) [with PolicySelector=cub::_V_300600_SM_890::detail::histogram::policy_selector_from_types<signed char, int64_t, 1, 1, true>, PrivatizedSmemBins=256, NumChannels=1, NumActiveChannels=1, SampleIteratorT=int8_t *, CounterT=int64_t, PrivatizedDecodeOpT=cub::_V_300600_SM_890::detail::histogram::Transforms<int, int, signed char>::PassThruTransform, OutputDecodeOpT=cub::_V_300600_SM_890::detail::histogram::Transforms<int, int, signed char>::ScaleTransform, OffsetT=int]" at line 114 of .deps/46a37f86b650bfc90b6cd852771bd31952688097/cub/cub/detail/env_dispatch.cuh
            instantiation of "cudaError_t cub::_V_300600_SM_890::detail::dispatch_with_env(void *, size_t &, const EnvT &, AlgorithmCallable &&) [with EnvT=cuda::std::execution::__4::env<>, AlgorithmCallable=lambda [](auto, void *, size_t &, cudaStream_t)->auto]" at line 132 of .deps/46a37f86b650bfc90b6cd852771bd31952688097/cub/cub/detail/env_dispatch.cuh
            instantiation of "cudaError_t cub::_V_300600_SM_890::detail::dispatch_with_env_and_tuning<DefaultPolicySelector,EnvT,AlgorithmCallable>(void *, size_t &, const EnvT &, AlgorithmCallable &&) [with DefaultPolicySelector=cub::_V_300600_SM_890::detail::histogram::policy_selector_from_types<signed char, int64_t, 1, 1, true>, EnvT=cuda::std::execution::__4::env<>, AlgorithmCallable=lambda [](auto, void *, size_t &, auto)->cudaError_t]" at line 821 of .deps/46a37f86b650bfc90b6cd852771bd31952688097/cub/cub/device/device_histogram.cuh
            instantiation of "cudaError_t cub::_V_300600_SM_890::DeviceHistogram::MultiHistogramEven<NUM_CHANNELS,NUM_ACTIVE_CHANNELS,SampleIteratorT,CounterT,LevelT,OffsetT,EnvT>(void *, size_t &, SampleIteratorT, cuda::std::__4::array<CounterT *, NUM_ACTIVE_CHANNELS>, cuda::std::__4::array<int, NUM_ACTIVE_CHANNELS>, cuda::std::__4::array<LevelT, NUM_ACTIVE_CHANNELS>, cuda::std::__4::array<LevelT, NUM_ACTIVE_CHANNELS>, OffsetT, OffsetT, size_t, const EnvT &) [with NUM_CHANNELS=1, NUM_ACTIVE_CHANNELS=1, SampleIteratorT=int8_t *, CounterT=int64_t, LevelT=int, OffsetT=int, EnvT=cuda::std::execution::__4::env<>]" at line 217 of .deps/46a37f86b650bfc90b6cd852771bd31952688097/cub/cub/device/device_histogram.cuh
            instantiation of "cudaError_t cub::_V_300600_SM_890::DeviceHistogram::HistogramEven(void *, size_t &, SampleIteratorT, CounterT *, int, LevelT, LevelT, OffsetT, const EnvT &) [with SampleIteratorT=int8_t *, CounterT=int64_t, LevelT=int, OffsetT=int, EnvT=cuda::std::execution::__4::env<>]" at line 30 of src/histogram_probe.cu
            instantiation of "__nv_bool run_case(const std::string &, const std::vector<Sample, std::allocator<Sample>> &, const std::vector<int, std::allocator<int>> &, __nv_bool, __nv_bool) [with Sample=int8_t, Count=int64_t]" at line 90 of src/histogram_probe.cu

.deps/46a37f86b650bfc90b6cd852771bd31952688097/cub/cub/agent/agent_histogram.cuh(349): error: no instance of overloaded function "atomicAdd_block" matches the argument list
            argument types are: (int64_t *, int64_t)
          {atomicAdd_block(privatized_histograms[ch] + bins[pixels_per_thread - 1], accumulator);}
           ^
/usr/local/cuda-13.2/bin/../targets/x86_64-linux/include/sm_60_atomic_functions.hpp(346): note #3326-D: function "atomicAdd_block(double *, double)" does not match because argument #1 does not match parameter
  double atomicAdd_block(double *address, double val)
         ^
/usr/local/cuda-13.2/bin/../targets/x86_64-linux/include/sm_60_atomic_functions.hpp(334): note #3326-D: function "atomicAdd_block(float *, float)" does not match because argument #1 does not match parameter
  float atomicAdd_block(float *address, float val)
        ^
/usr/local/cuda-13.2/bin/../targets/x86_64-linux/include/sm_60_atomic_functions.hpp(322): note #3326-D: function "atomicAdd_block(unsigned long long *, unsigned long long)" does not match because argument #1 does not match parameter
  unsigned long long atomicAdd_block(unsigned long long *address, unsigned long long val)
                     ^
/usr/local/cuda-13.2/bin/../targets/x86_64-linux/include/sm_60_atomic_functions.hpp(310): note #3326-D: function "atomicAdd_block(unsigned int *, unsigned int)" does not match because argument #1 does not match parameter
  unsigned int atomicAdd_block(unsigned int *address, unsigned int val)
               ^
/usr/local/cuda-13.2/bin/../targets/x86_64-linux/include/sm_60_atomic_functions.hpp(298): note #3326-D: function "atomicAdd_block(int *, int)" does not match because argument #1 does not match parameter
  int atomicAdd_block(int *address, int val)
      ^
          detected during:
            instantiation of "void cub::_V_300600_SM_890::detail::histogram::AgentHistogram<AgentHistogramPolicyT, PrivatizedSmemBins, NumChannels, NumActiveChannels, SampleIteratorT, CounterT, PrivatizedDecodeOpT, OutputDecodeOpT, OffsetT>::AccumulatePixels(cub::_V_300600_SM_890::detail::histogram::AgentHistogram<AgentHistogramPolicyT, PrivatizedSmemBins, NumChannels, NumActiveChannels, SampleIteratorT, CounterT, PrivatizedDecodeOpT, OutputDecodeOpT, OffsetT>::SampleT (*)[NumChannels], __nv_bool *, TwoDimSubscriptableCounterT &, cuda::std::__4::true_type) [with AgentHistogramPolicyT=cub::_V_300600_SM_890::detail::agent_histogram_policy<384, 16, cub::_V_300600_SM_890::BLOCK_LOAD_DIRECT, cub::_V_300600_SM_890::LOAD_LDG, true, cub::_V_300600_SM_890::SMEM, false, 4>, PrivatizedSmemBins=256, NumChannels=1, NumActiveChannels=1, SampleIteratorT=int8_t *, CounterT=int64_t, PrivatizedDecodeOpT=cub::_V_300600_SM_890::detail::histogram::Transforms<int, int, signed char>::PassThruTransform, OutputDecodeOpT=cub::_V_300600_SM_890::detail::histogram::Transforms<int, int, signed char>::ScaleTransform, OffsetT=int, TwoDimSubscriptableCounterT=int64_t [1][257]]" at line 477
            instantiation of "void cub::_V_300600_SM_890::detail::histogram::AgentHistogram<AgentHistogramPolicyT, PrivatizedSmemBins, NumChannels, NumActiveChannels, SampleIteratorT, CounterT, PrivatizedDecodeOpT, OutputDecodeOpT, OffsetT>::ConsumeTile<IsAligned,IsFullTile>(OffsetT, int) [with AgentHistogramPolicyT=cub::_V_300600_SM_890::detail::agent_histogram_policy<384, 16, cub::_V_300600_SM_890::BLOCK_LOAD_DIRECT, cub::_V_300600_SM_890::LOAD_LDG, true, cub::_V_300600_SM_890::SMEM, false, 4>, PrivatizedSmemBins=256, NumChannels=1, NumActiveChannels=1, SampleIteratorT=int8_t *, CounterT=int64_t, PrivatizedDecodeOpT=cub::_V_300600_SM_890::detail::histogram::Transforms<int, int, signed char>::PassThruTransform, OutputDecodeOpT=cub::_V_300600_SM_890::detail::histogram::Transforms<int, int, signed char>::ScaleTransform, OffsetT=int, IsAligned=true, IsFullTile=false]" at line 572
            instantiation of "void cub::_V_300600_SM_890::detail::histogram::AgentHistogram<AgentHistogramPolicyT, PrivatizedSmemBins, NumChannels, NumActiveChannels, SampleIteratorT, CounterT, PrivatizedDecodeOpT, OutputDecodeOpT, OffsetT>::ConsumeTiles<IsAligned>(OffsetT, OffsetT, OffsetT, int, cub::_V_300600_SM_890::GridQueue<int>, cuda::std::__4::false_type) [with AgentHistogramPolicyT=cub::_V_300600_SM_890::detail::agent_histogram_policy<384, 16, cub::_V_300600_SM_890::BLOCK_LOAD_DIRECT, cub::_V_300600_SM_890::LOAD_LDG, true, cub::_V_300600_SM_890::SMEM, false, 4>, PrivatizedSmemBins=256, NumChannels=1, NumActiveChannels=1, SampleIteratorT=int8_t *, CounterT=int64_t, PrivatizedDecodeOpT=cub::_V_300600_SM_890::detail::histogram::Transforms<int, int, signed char>::PassThruTransform, OutputDecodeOpT=cub::_V_300600_SM_890::detail::histogram::Transforms<int, int, signed char>::ScaleTransform, OffsetT=int, IsAligned=true]" at line 686
            instantiation of "void cub::_V_300600_SM_890::detail::histogram::AgentHistogram<AgentHistogramPolicyT, PrivatizedSmemBins, NumChannels, NumActiveChannels, SampleIteratorT, CounterT, PrivatizedDecodeOpT, OutputDecodeOpT, OffsetT>::ConsumeTiles(OffsetT, OffsetT, OffsetT, int, cub::_V_300600_SM_890::GridQueue<int>) [with AgentHistogramPolicyT=cub::_V_300600_SM_890::detail::agent_histogram_policy<384, 16, cub::_V_300600_SM_890::BLOCK_LOAD_DIRECT, cub::_V_300600_SM_890::LOAD_LDG, true, cub::_V_300600_SM_890::SMEM, false, 4>, PrivatizedSmemBins=256, NumChannels=1, NumActiveChannels=1, SampleIteratorT=int8_t *, CounterT=int64_t, PrivatizedDecodeOpT=cub::_V_300600_SM_890::detail::histogram::Transforms<int, int, signed char>::PassThruTransform, OutputDecodeOpT=cub::_V_300600_SM_890::detail::histogram::Transforms<int, int, signed char>::ScaleTransform, OffsetT=int]" at line 515 of .deps/46a37f86b650bfc90b6cd852771bd31952688097/cub/cub/device/dispatch/kernels/kernel_histogram.cuh
            instantiation of "void cub::_V_300600_SM_890::detail::histogram::DeviceHistogramSweepKernel<PolicySelector,PrivatizedSmemBins,NumChannels,NumActiveChannels,SampleIteratorT,CounterT,PrivatizedDecodeOpT,OutputDecodeOpT,OffsetT>(SampleIteratorT, cuda::std::__4::array<int, NumActiveChannels>, cuda::std::__4::array<int, NumActiveChannels>, cuda::std::__4::array<CounterT *, NumActiveChannels>, cuda::std::__4::array<CounterT *, NumActiveChannels>, cuda::std::__4::array<OutputDecodeOpT, NumActiveChannels>, cuda::std::__4::array<PrivatizedDecodeOpT, NumActiveChannels>, OffsetT, OffsetT, OffsetT, int, cub::_V_300600_SM_890::GridQueue<int>) [with PolicySelector=cub::_V_300600_SM_890::detail::histogram::policy_selector_from_types<signed char, int64_t, 1, 1, true>, PrivatizedSmemBins=256, NumChannels=1, NumActiveChannels=1, SampleIteratorT=int8_t *, CounterT=int64_t, PrivatizedDecodeOpT=cub::_V_300600_SM_890::detail::histogram::Transforms<int, int, signed char>::PassThruTransform, OutputDecodeOpT=cub::_V_300600_SM_890::detail::histogram::Transforms<int, int, signed char>::ScaleTransform, OffsetT=int]" at line 114 of .deps/46a37f86b650bfc90b6cd852771bd31952688097/cub/cub/detail/env_dispatch.cuh
            instantiation of "cudaError_t cub::_V_300600_SM_890::detail::dispatch_with_env(void *, size_t &, const EnvT &, AlgorithmCallable &&) [with EnvT=cuda::std::execution::__4::env<>, AlgorithmCallable=lambda [](auto, void *, size_t &, cudaStream_t)->auto]" at line 132 of .deps/46a37f86b650bfc90b6cd852771bd31952688097/cub/cub/detail/env_dispatch.cuh
            instantiation of "cudaError_t cub::_V_300600_SM_890::detail::dispatch_with_env_and_tuning<DefaultPolicySelector,EnvT,AlgorithmCallable>(void *, size_t &, const EnvT &, AlgorithmCallable &&) [with DefaultPolicySelector=cub::_V_300600_SM_890::detail::histogram::policy_selector_from_types<signed char, int64_t, 1, 1, true>, EnvT=cuda::std::execution::__4::env<>, AlgorithmCallable=lambda [](auto, void *, size_t &, auto)->cudaError_t]" at line 821 of .deps/46a37f86b650bfc90b6cd852771bd31952688097/cub/cub/device/device_histogram.cuh
            instantiation of "cudaError_t cub::_V_300600_SM_890::DeviceHistogram::MultiHistogramEven<NUM_CHANNELS,NUM_ACTIVE_CHANNELS,SampleIteratorT,CounterT,LevelT,OffsetT,EnvT>(void *, size_t &, SampleIteratorT, cuda::std::__4::array<CounterT *, NUM_ACTIVE_CHANNELS>, cuda::std::__4::array<int, NUM_ACTIVE_CHANNELS>, cuda::std::__4::array<LevelT, NUM_ACTIVE_CHANNELS>, cuda::std::__4::array<LevelT, NUM_ACTIVE_CHANNELS>, OffsetT, OffsetT, size_t, const EnvT &) [with NUM_CHANNELS=1, NUM_ACTIVE_CHANNELS=1, SampleIteratorT=int8_t *, CounterT=int64_t, LevelT=int, OffsetT=int, EnvT=cuda::std::execution::__4::env<>]" at line 217 of .deps/46a37f86b650bfc90b6cd852771bd31952688097/cub/cub/device/device_histogram.cuh
            instantiation of "cudaError_t cub::_V_300600_SM_890::DeviceHistogram::HistogramEven(void *, size_t &, SampleIteratorT, CounterT *, int, LevelT, LevelT, OffsetT, const EnvT &) [with SampleIteratorT=int8_t *, CounterT=int64_t, LevelT=int, OffsetT=int, EnvT=cuda::std::execution::__4::env<>]" at line 30 of src/histogram_probe.cu
            instantiation of "__nv_bool run_case(const std::string &, const std::vector<Sample, std::allocator<Sample>> &, const std::vector<int, std::allocator<int>> &, __nv_bool, __nv_bool) [with Sample=int8_t, Count=int64_t]" at line 90 of src/histogram_probe.cu

.deps/46a37f86b650bfc90b6cd852771bd31952688097/cub/cub/agent/agent_histogram.cuh(336): error: no instance of overloaded function "atomicAdd_block" matches the argument list
            argument types are: (int64_t *, int64_t)
              {atomicAdd_block(privatized_histograms[ch] + bins[pixel], accumulator);}
               ^
/usr/local/cuda-13.2/bin/../targets/x86_64-linux/include/sm_60_atomic_functions.hpp(346): note #3326-D: function "atomicAdd_block(double *, double)" does not match because argument #1 does not match parameter
  double atomicAdd_block(double *address, double val)
         ^
/usr/local/cuda-13.2/bin/../targets/x86_64-linux/include/sm_60_atomic_functions.hpp(334): note #3326-D: function "atomicAdd_block(float *, float)" does not match because argument #1 does not match parameter
  float atomicAdd_block(float *address, float val)
        ^
/usr/local/cuda-13.2/bin/../targets/x86_64-linux/include/sm_60_atomic_functions.hpp(322): note #3326-D: function "atomicAdd_block(unsigned long long *, unsigned long long)" does not match because argument #1 does not match parameter
  unsigned long long atomicAdd_block(unsigned long long *address, unsigned long long val)
                     ^
/usr/local/cuda-13.2/bin/../targets/x86_64-linux/include/sm_60_atomic_functions.hpp(310): note #3326-D: function "atomicAdd_block(unsigned int *, unsigned int)" does not match because argument #1 does not match parameter
  unsigned int atomicAdd_block(unsigned int *address, unsigned int val)
               ^
/usr/local/cuda-13.2/bin/../targets/x86_64-linux/include/sm_60_atomic_functions.hpp(298): note #3326-D: function "atomicAdd_block(int *, int)" does not match because argument #1 does not match parameter
  int atomicAdd_block(int *address, int val)
      ^
          detected during:
            instantiation of "void cub::_V_300600_SM_890::detail::histogram::AgentHistogram<AgentHistogramPolicyT, PrivatizedSmemBins, NumChannels, NumActiveChannels, SampleIteratorT, CounterT, PrivatizedDecodeOpT, OutputDecodeOpT, OffsetT>::AccumulatePixels(cub::_V_300600_SM_890::detail::histogram::AgentHistogram<AgentHistogramPolicyT, PrivatizedSmemBins, NumChannels, NumActiveChannels, SampleIteratorT, CounterT, PrivatizedDecodeOpT, OutputDecodeOpT, OffsetT>::SampleT (*)[NumChannels], __nv_bool *, TwoDimSubscriptableCounterT &, cuda::std::__4::true_type) [with AgentHistogramPolicyT=cub::_V_300600_SM_890::detail::agent_histogram_policy<384, 16, cub::_V_300600_SM_890::BLOCK_LOAD_DIRECT, cub::_V_300600_SM_890::LOAD_LDG, true, cub::_V_300600_SM_890::SMEM, false, 4>, PrivatizedSmemBins=256, NumChannels=1, NumActiveChannels=1, SampleIteratorT=int8_t *, CounterT=int64_t, PrivatizedDecodeOpT=cub::_V_300600_SM_890::detail::histogram::Transforms<int, int, signed char>::PassThruTransform, OutputDecodeOpT=cub::_V_300600_SM_890::detail::histogram::Transforms<int, int, signed char>::ScaleTransform, OffsetT=int, TwoDimSubscriptableCounterT=int64_t *[1]]" at line 481
            instantiation of "void cub::_V_300600_SM_890::detail::histogram::AgentHistogram<AgentHistogramPolicyT, PrivatizedSmemBins, NumChannels, NumActiveChannels, SampleIteratorT, CounterT, PrivatizedDecodeOpT, OutputDecodeOpT, OffsetT>::ConsumeTile<IsAligned,IsFullTile>(OffsetT, int) [with AgentHistogramPolicyT=cub::_V_300600_SM_890::detail::agent_histogram_policy<384, 16, cub::_V_300600_SM_890::BLOCK_LOAD_DIRECT, cub::_V_300600_SM_890::LOAD_LDG, true, cub::_V_300600_SM_890::SMEM, false, 4>, PrivatizedSmemBins=256, NumChannels=1, NumActiveChannels=1, SampleIteratorT=int8_t *, CounterT=int64_t, PrivatizedDecodeOpT=cub::_V_300600_SM_890::detail::histogram::Transforms<int, int, signed char>::PassThruTransform, OutputDecodeOpT=cub::_V_300600_SM_890::detail::histogram::Transforms<int, int, signed char>::ScaleTransform, OffsetT=int, IsAligned=true, IsFullTile=false]" at line 572
            instantiation of "void cub::_V_300600_SM_890::detail::histogram::AgentHistogram<AgentHistogramPolicyT, PrivatizedSmemBins, NumChannels, NumActiveChannels, SampleIteratorT, CounterT, PrivatizedDecodeOpT, OutputDecodeOpT, OffsetT>::ConsumeTiles<IsAligned>(OffsetT, OffsetT, OffsetT, int, cub::_V_300600_SM_890::GridQueue<int>, cuda::std::__4::false_type) [with AgentHistogramPolicyT=cub::_V_300600_SM_890::detail::agent_histogram_policy<384, 16, cub::_V_300600_SM_890::BLOCK_LOAD_DIRECT, cub::_V_300600_SM_890::LOAD_LDG, true, cub::_V_300600_SM_890::SMEM, false, 4>, PrivatizedSmemBins=256, NumChannels=1, NumActiveChannels=1, SampleIteratorT=int8_t *, CounterT=int64_t, PrivatizedDecodeOpT=cub::_V_300600_SM_890::detail::histogram::Transforms<int, int, signed char>::PassThruTransform, OutputDecodeOpT=cub::_V_300600_SM_890::detail::histogram::Transforms<int, int, signed char>::ScaleTransform, OffsetT=int, IsAligned=true]" at line 686
            instantiation of "void cub::_V_300600_SM_890::detail::histogram::AgentHistogram<AgentHistogramPolicyT, PrivatizedSmemBins, NumChannels, NumActiveChannels, SampleIteratorT, CounterT, PrivatizedDecodeOpT, OutputDecodeOpT, OffsetT>::ConsumeTiles(OffsetT, OffsetT, OffsetT, int, cub::_V_300600_SM_890::GridQueue<int>) [with AgentHistogramPolicyT=cub::_V_300600_SM_890::detail::agent_histogram_policy<384, 16, cub::_V_300600_SM_890::BLOCK_LOAD_DIRECT, cub::_V_300600_SM_890::LOAD_LDG, true, cub::_V_300600_SM_890::SMEM, false, 4>, PrivatizedSmemBins=256, NumChannels=1, NumActiveChannels=1, SampleIteratorT=int8_t *, CounterT=int64_t, PrivatizedDecodeOpT=cub::_V_300600_SM_890::detail::histogram::Transforms<int, int, signed char>::PassThruTransform, OutputDecodeOpT=cub::_V_300600_SM_890::detail::histogram::Transforms<int, int, signed char>::ScaleTransform, OffsetT=int]" at line 515 of .deps/46a37f86b650bfc90b6cd852771bd31952688097/cub/cub/device/dispatch/kernels/kernel_histogram.cuh
            instantiation of "void cub::_V_300600_SM_890::detail::histogram::DeviceHistogramSweepKernel<PolicySelector,PrivatizedSmemBins,NumChannels,NumActiveChannels,SampleIteratorT,CounterT,PrivatizedDecodeOpT,OutputDecodeOpT,OffsetT>(SampleIteratorT, cuda::std::__4::array<int, NumActiveChannels>, cuda::std::__4::array<int, NumActiveChannels>, cuda::std::__4::array<CounterT *, NumActiveChannels>, cuda::std::__4::array<CounterT *, NumActiveChannels>, cuda::std::__4::array<OutputDecodeOpT, NumActiveChannels>, cuda::std::__4::array<PrivatizedDecodeOpT, NumActiveChannels>, OffsetT, OffsetT, OffsetT, int, cub::_V_300600_SM_890::GridQueue<int>) [with PolicySelector=cub::_V_300600_SM_890::detail::histogram::policy_selector_from_types<signed char, int64_t, 1, 1, true>, PrivatizedSmemBins=256, NumChannels=1, NumActiveChannels=1, SampleIteratorT=int8_t *, CounterT=int64_t, PrivatizedDecodeOpT=cub::_V_300600_SM_890::detail::histogram::Transforms<int, int, signed char>::PassThruTransform, OutputDecodeOpT=cub::_V_300600_SM_890::detail::histogram::Transforms<int, int, signed char>::ScaleTransform, OffsetT=int]" at line 114 of .deps/46a37f86b650bfc90b6cd852771bd31952688097/cub/cub/detail/env_dispatch.cuh
            instantiation of "cudaError_t cub::_V_300600_SM_890::detail::dispatch_with_env(void *, size_t &, const EnvT &, AlgorithmCallable &&) [with EnvT=cuda::std::execution::__4::env<>, AlgorithmCallable=lambda [](auto, void *, size_t &, cudaStream_t)->auto]" at line 132 of .deps/46a37f86b650bfc90b6cd852771bd31952688097/cub/cub/detail/env_dispatch.cuh
            instantiation of "cudaError_t cub::_V_300600_SM_890::detail::dispatch_with_env_and_tuning<DefaultPolicySelector,EnvT,AlgorithmCallable>(void *, size_t &, const EnvT &, AlgorithmCallable &&) [with DefaultPolicySelector=cub::_V_300600_SM_890::detail::histogram::policy_selector_from_types<signed char, int64_t, 1, 1, true>, EnvT=cuda::std::execution::__4::env<>, AlgorithmCallable=lambda [](auto, void *, size_t &, auto)->cudaError_t]" at line 821 of .deps/46a37f86b650bfc90b6cd852771bd31952688097/cub/cub/device/device_histogram.cuh
            instantiation of "cudaError_t cub::_V_300600_SM_890::DeviceHistogram::MultiHistogramEven<NUM_CHANNELS,NUM_ACTIVE_CHANNELS,SampleIteratorT,CounterT,LevelT,OffsetT,EnvT>(void *, size_t &, SampleIteratorT, cuda::std::__4::array<CounterT *, NUM_ACTIVE_CHANNELS>, cuda::std::__4::array<int, NUM_ACTIVE_CHANNELS>, cuda::std::__4::array<LevelT, NUM_ACTIVE_CHANNELS>, cuda::std::__4::array<LevelT, NUM_ACTIVE_CHANNELS>, OffsetT, OffsetT, size_t, const EnvT &) [with NUM_CHANNELS=1, NUM_ACTIVE_CHANNELS=1, SampleIteratorT=int8_t *, CounterT=int64_t, LevelT=int, OffsetT=int, EnvT=cuda::std::execution::__4::env<>]" at line 217 of .deps/46a37f86b650bfc90b6cd852771bd31952688097/cub/cub/device/device_histogram.cuh
            instantiation of "cudaError_t cub::_V_300600_SM_890::DeviceHistogram::HistogramEven(void *, size_t &, SampleIteratorT, CounterT *, int, LevelT, LevelT, OffsetT, const EnvT &) [with SampleIteratorT=int8_t *, CounterT=int64_t, LevelT=int, OffsetT=int, EnvT=cuda::std::execution::__4::env<>]" at line 30 of src/histogram_probe.cu
            instantiation of "__nv_bool run_case(const std::string &, const std::vector<Sample, std::allocator<Sample>> &, const std::vector<int, std::allocator<int>> &, __nv_bool, __nv_bool) [with Sample=int8_t, Count=int64_t]" at line 90 of src/histogram_probe.cu

.deps/46a37f86b650bfc90b6cd852771bd31952688097/cub/cub/agent/agent_histogram.cuh(349): error: no instance of overloaded function "atomicAdd_block" matches the argument list
            argument types are: (int64_t *, int64_t)
          {atomicAdd_block(privatized_histograms[ch] + bins[pixels_per_thread - 1], accumulator);}
           ^
/usr/local/cuda-13.2/bin/../targets/x86_64-linux/include/sm_60_atomic_functions.hpp(346): note #3326-D: function "atomicAdd_block(double *, double)" does not match because argument #1 does not match parameter
  double atomicAdd_block(double *address, double val)
         ^
/usr/local/cuda-13.2/bin/../targets/x86_64-linux/include/sm_60_atomic_functions.hpp(334): note #3326-D: function "atomicAdd_block(float *, float)" does not match because argument #1 does not match parameter
  float atomicAdd_block(float *address, float val)
        ^
/usr/local/cuda-13.2/bin/../targets/x86_64-linux/include/sm_60_atomic_functions.hpp(322): note #3326-D: function "atomicAdd_block(unsigned long long *, unsigned long long)" does not match because argument #1 does not match parameter
  unsigned long long atomicAdd_block(unsigned long long *address, unsigned long long val)
                     ^
/usr/local/cuda-13.2/bin/../targets/x86_64-linux/include/sm_60_atomic_functions.hpp(310): note #3326-D: function "atomicAdd_block(unsigned int *, unsigned int)" does not match because argument #1 does not match parameter
  unsigned int atomicAdd_block(unsigned int *address, unsigned int val)
               ^
/usr/local/cuda-13.2/bin/../targets/x86_64-linux/include/sm_60_atomic_functions.hpp(298): note #3326-D: function "atomicAdd_block(int *, int)" does not match because argument #1 does not match parameter
  int atomicAdd_block(int *address, int val)
      ^
          detected during:
            instantiation of "void cub::_V_300600_SM_890::detail::histogram::AgentHistogram<AgentHistogramPolicyT, PrivatizedSmemBins, NumChannels, NumActiveChannels, SampleIteratorT, CounterT, PrivatizedDecodeOpT, OutputDecodeOpT, OffsetT>::AccumulatePixels(cub::_V_300600_SM_890::detail::histogram::AgentHistogram<AgentHistogramPolicyT, PrivatizedSmemBins, NumChannels, NumActiveChannels, SampleIteratorT, CounterT, PrivatizedDecodeOpT, OutputDecodeOpT, OffsetT>::SampleT (*)[NumChannels], __nv_bool *, TwoDimSubscriptableCounterT &, cuda::std::__4::true_type) [with AgentHistogramPolicyT=cub::_V_300600_SM_890::detail::agent_histogram_policy<384, 16, cub::_V_300600_SM_890::BLOCK_LOAD_DIRECT, cub::_V_300600_SM_890::LOAD_LDG, true, cub::_V_300600_SM_890::SMEM, false, 4>, PrivatizedSmemBins=256, NumChannels=1, NumActiveChannels=1, SampleIteratorT=int8_t *, CounterT=int64_t, PrivatizedDecodeOpT=cub::_V_300600_SM_890::detail::histogram::Transforms<int, int, signed char>::PassThruTransform, OutputDecodeOpT=cub::_V_300600_SM_890::detail::histogram::Transforms<int, int, signed char>::ScaleTransform, OffsetT=int, TwoDimSubscriptableCounterT=int64_t *[1]]" at line 481
            instantiation of "void cub::_V_300600_SM_890::detail::histogram::AgentHistogram<AgentHistogramPolicyT, PrivatizedSmemBins, NumChannels, NumActiveChannels, SampleIteratorT, CounterT, PrivatizedDecodeOpT, OutputDecodeOpT, OffsetT>::ConsumeTile<IsAligned,IsFullTile>(OffsetT, int) [with AgentHistogramPolicyT=cub::_V_300600_SM_890::detail::agent_histogram_policy<384, 16, cub::_V_300600_SM_890::BLOCK_LOAD_DIRECT, cub::_V_300600_SM_890::LOAD_LDG, true, cub::_V_300600_SM_890::SMEM, false, 4>, PrivatizedSmemBins=256, NumChannels=1, NumActiveChannels=1, SampleIteratorT=int8_t *, CounterT=int64_t, PrivatizedDecodeOpT=cub::_V_300600_SM_890::detail::histogram::Transforms<int, int, signed char>::PassThruTransform, OutputDecodeOpT=cub::_V_300600_SM_890::detail::histogram::Transforms<int, int, signed char>::ScaleTransform, OffsetT=int, IsAligned=true, IsFullTile=false]" at line 572
            instantiation of "void cub::_V_300600_SM_890::detail::histogram::AgentHistogram<AgentHistogramPolicyT, PrivatizedSmemBins, NumChannels, NumActiveChannels, SampleIteratorT, CounterT, PrivatizedDecodeOpT, OutputDecodeOpT, OffsetT>::ConsumeTiles<IsAligned>(OffsetT, OffsetT, OffsetT, int, cub::_V_300600_SM_890::GridQueue<int>, cuda::std::__4::false_type) [with AgentHistogramPolicyT=cub::_V_300600_SM_890::detail::agent_histogram_policy<384, 16, cub::_V_300600_SM_890::BLOCK_LOAD_DIRECT, cub::_V_300600_SM_890::LOAD_LDG, true, cub::_V_300600_SM_890::SMEM, false, 4>, PrivatizedSmemBins=256, NumChannels=1, NumActiveChannels=1, SampleIteratorT=int8_t *, CounterT=int64_t, PrivatizedDecodeOpT=cub::_V_300600_SM_890::detail::histogram::Transforms<int, int, signed char>::PassThruTransform, OutputDecodeOpT=cub::_V_300600_SM_890::detail::histogram::Transforms<int, int, signed char>::ScaleTransform, OffsetT=int, IsAligned=true]" at line 686
            instantiation of "void cub::_V_300600_SM_890::detail::histogram::AgentHistogram<AgentHistogramPolicyT, PrivatizedSmemBins, NumChannels, NumActiveChannels, SampleIteratorT, CounterT, PrivatizedDecodeOpT, OutputDecodeOpT, OffsetT>::ConsumeTiles(OffsetT, OffsetT, OffsetT, int, cub::_V_300600_SM_890::GridQueue<int>) [with AgentHistogramPolicyT=cub::_V_300600_SM_890::detail::agent_histogram_policy<384, 16, cub::_V_300600_SM_890::BLOCK_LOAD_DIRECT, cub::_V_300600_SM_890::LOAD_LDG, true, cub::_V_300600_SM_890::SMEM, false, 4>, PrivatizedSmemBins=256, NumChannels=1, NumActiveChannels=1, SampleIteratorT=int8_t *, CounterT=int64_t, PrivatizedDecodeOpT=cub::_V_300600_SM_890::detail::histogram::Transforms<int, int, signed char>::PassThruTransform, OutputDecodeOpT=cub::_V_300600_SM_890::detail::histogram::Transforms<int, int, signed char>::ScaleTransform, OffsetT=int]" at line 515 of .deps/46a37f86b650bfc90b6cd852771bd31952688097/cub/cub/device/dispatch/kernels/kernel_histogram.cuh
            instantiation of "void cub::_V_300600_SM_890::detail::histogram::DeviceHistogramSweepKernel<PolicySelector,PrivatizedSmemBins,NumChannels,NumActiveChannels,SampleIteratorT,CounterT,PrivatizedDecodeOpT,OutputDecodeOpT,OffsetT>(SampleIteratorT, cuda::std::__4::array<int, NumActiveChannels>, cuda::std::__4::array<int, NumActiveChannels>, cuda::std::__4::array<CounterT *, NumActiveChannels>, cuda::std::__4::array<CounterT *, NumActiveChannels>, cuda::std::__4::array<OutputDecodeOpT, NumActiveChannels>, cuda::std::__4::array<PrivatizedDecodeOpT, NumActiveChannels>, OffsetT, OffsetT, OffsetT, int, cub::_V_300600_SM_890::GridQueue<int>) [with PolicySelector=cub::_V_300600_SM_890::detail::histogram::policy_selector_from_types<signed char, int64_t, 1, 1, true>, PrivatizedSmemBins=256, NumChannels=1, NumActiveChannels=1, SampleIteratorT=int8_t *, CounterT=int64_t, PrivatizedDecodeOpT=cub::_V_300600_SM_890::detail::histogram::Transforms<int, int, signed char>::PassThruTransform, OutputDecodeOpT=cub::_V_300600_SM_890::detail::histogram::Transforms<int, int, signed char>::ScaleTransform, OffsetT=int]" at line 114 of .deps/46a37f86b650bfc90b6cd852771bd31952688097/cub/cub/detail/env_dispatch.cuh
            instantiation of "cudaError_t cub::_V_300600_SM_890::detail::dispatch_with_env(void *, size_t &, const EnvT &, AlgorithmCallable &&) [with EnvT=cuda::std::execution::__4::env<>, AlgorithmCallable=lambda [](auto, void *, size_t &, cudaStream_t)->auto]" at line 132 of .deps/46a37f86b650bfc90b6cd852771bd31952688097/cub/cub/detail/env_dispatch.cuh
            instantiation of "cudaError_t cub::_V_300600_SM_890::detail::dispatch_with_env_and_tuning<DefaultPolicySelector,EnvT,AlgorithmCallable>(void *, size_t &, const EnvT &, AlgorithmCallable &&) [with DefaultPolicySelector=cub::_V_300600_SM_890::detail::histogram::policy_selector_from_types<signed char, int64_t, 1, 1, true>, EnvT=cuda::std::execution::__4::env<>, AlgorithmCallable=lambda [](auto, void *, size_t &, auto)->cudaError_t]" at line 821 of .deps/46a37f86b650bfc90b6cd852771bd31952688097/cub/cub/device/device_histogram.cuh
            instantiation of "cudaError_t cub::_V_300600_SM_890::DeviceHistogram::MultiHistogramEven<NUM_CHANNELS,NUM_ACTIVE_CHANNELS,SampleIteratorT,CounterT,LevelT,OffsetT,EnvT>(void *, size_t &, SampleIteratorT, cuda::std::__4::array<CounterT *, NUM_ACTIVE_CHANNELS>, cuda::std::__4::array<int, NUM_ACTIVE_CHANNELS>, cuda::std::__4::array<LevelT, NUM_ACTIVE_CHANNELS>, cuda::std::__4::array<LevelT, NUM_ACTIVE_CHANNELS>, OffsetT, OffsetT, size_t, const EnvT &) [with NUM_CHANNELS=1, NUM_ACTIVE_CHANNELS=1, SampleIteratorT=int8_t *, CounterT=int64_t, LevelT=int, OffsetT=int, EnvT=cuda::std::execution::__4::env<>]" at line 217 of .deps/46a37f86b650bfc90b6cd852771bd31952688097/cub/cub/device/device_histogram.cuh
            instantiation of "cudaError_t cub::_V_300600_SM_890::DeviceHistogram::HistogramEven(void *, size_t &, SampleIteratorT, CounterT *, int, LevelT, LevelT, OffsetT, const EnvT &) [with SampleIteratorT=int8_t *, CounterT=int64_t, LevelT=int, OffsetT=int, EnvT=cuda::std::execution::__4::env<>]" at line 30 of src/histogram_probe.cu
            instantiation of "__nv_bool run_case(const std::string &, const std::vector<Sample, std::allocator<Sample>> &, const std::vector<int, std::allocator<int>> &, __nv_bool, __nv_bool) [with Sample=int8_t, Count=int64_t]" at line 90 of src/histogram_probe.cu

.deps/46a37f86b650bfc90b6cd852771bd31952688097/cub/cub/agent/agent_histogram.cuh(300): error: no instance of overloaded function "atomicAdd" matches the argument list
            argument types are: (int64_t *, const int64_t)
            atomicAdd(&d_output_histograms[ch][output_bin], count);
            ^
/usr/local/cuda-13.2/bin/../targets/x86_64-linux/include/cuda_bf16.hpp(3896): note #3326-D: function "atomicAdd(__nv_bfloat16 *, __nv_bfloat16)" does not match because argument #1 does not match parameter
  __inline__ __nv_bfloat16 atomicAdd(__nv_bfloat16 *const address, const __nv_bfloat16 val)
                           ^
/usr/local/cuda-13.2/bin/../targets/x86_64-linux/include/cuda_bf16.hpp(3874): note #3326-D: function "atomicAdd(__nv_bfloat162 *, __nv_bfloat162)" does not match because argument #1 does not match parameter
  __inline__ __nv_bfloat162 atomicAdd(__nv_bfloat162 *const address, const __nv_bfloat162 val)
                            ^
/usr/local/cuda-13.2/bin/../targets/x86_64-linux/include/cuda_fp16.hpp(3522): note #3326-D: function "atomicAdd(__half *, __half)" does not match because argument #1 does not match parameter
  __inline__ __half atomicAdd(__half *const address, const __half val) {
                    ^
/usr/local/cuda-13.2/bin/../targets/x86_64-linux/include/cuda_fp16.hpp(3501): note #3326-D: function "atomicAdd(__half2 *, __half2)" does not match because argument #1 does not match parameter
  __inline__ __half2 atomicAdd(__half2 *const address, const __half2 val) {
                     ^
/usr/local/cuda-13.2/bin/../targets/x86_64-linux/include/sm_60_atomic_functions.hpp(292): note #3326-D: function "atomicAdd(double *, double)" does not match because argument #1 does not match parameter
  static __inline__ __attribute__((device)) double atomicAdd(double *address, double val)
                                                   ^
/usr/local/cuda-13.2/bin/../targets/x86_64-linux/include/sm_20_atomic_functions.hpp(82): note #3326-D: function "atomicAdd(float *, float)" does not match because argument #1 does not match parameter
  static __inline__ __attribute__((device)) float atomicAdd(float *address, float val)
                                                  ^
/usr/local/cuda-13.2/bin/../targets/x86_64-linux/include/device_atomic_functions.hpp(224): note #3326-D: function "atomicAdd(unsigned long long *, unsigned long long)" does not match because argument #1 does not match parameter
  static __inline__ __attribute__((device)) unsigned long long int atomicAdd(unsigned long long int *address, unsigned long long int val)
                                                                   ^
/usr/local/cuda-13.2/bin/../targets/x86_64-linux/include/device_atomic_functions.hpp(110): note #3326-D: function "atomicAdd(unsigned int *, unsigned int)" does not match because argument #1 does not match parameter
  static __inline__ __attribute__((device)) unsigned int atomicAdd(unsigned int *address, unsigned int val)
                                                         ^
/usr/local/cuda-13.2/bin/../targets/x86_64-linux/include/device_atomic_functions.hpp(105): note #3326-D: function "atomicAdd(int *, int)" does not match because argument #1 does not match parameter
  static __inline__ __attribute__((device)) int atomicAdd(int *address, int val)
                                                ^
          detected during:
            instantiation of "void cub::_V_300600_SM_890::detail::histogram::AgentHistogram<AgentHistogramPolicyT, PrivatizedSmemBins, NumChannels, NumActiveChannels, SampleIteratorT, CounterT, PrivatizedDecodeOpT, OutputDecodeOpT, OffsetT>::StoreOutput(TwoDimSubscriptableCounterT &) [with AgentHistogramPolicyT=cub::_V_300600_SM_890::detail::agent_histogram_policy<384, 16, cub::_V_300600_SM_890::BLOCK_LOAD_DIRECT, cub::_V_300600_SM_890::LOAD_LDG, true, cub::_V_300600_SM_890::SMEM, false, 4>, PrivatizedSmemBins=256, NumChannels=1, NumActiveChannels=1, SampleIteratorT=int8_t *, CounterT=int64_t, PrivatizedDecodeOpT=cub::_V_300600_SM_890::detail::histogram::Transforms<int, int, signed char>::PassThruTransform, OutputDecodeOpT=cub::_V_300600_SM_890::detail::histogram::Transforms<int, int, signed char>::ScaleTransform, OffsetT=int, TwoDimSubscriptableCounterT=int64_t [1][257]]" at line 715
            instantiation of "void cub::_V_300600_SM_890::detail::histogram::AgentHistogram<AgentHistogramPolicyT, PrivatizedSmemBins, NumChannels, NumActiveChannels, SampleIteratorT, CounterT, PrivatizedDecodeOpT, OutputDecodeOpT, OffsetT>::StoreOutput() [with AgentHistogramPolicyT=cub::_V_300600_SM_890::detail::agent_histogram_policy<384, 16, cub::_V_300600_SM_890::BLOCK_LOAD_DIRECT, cub::_V_300600_SM_890::LOAD_LDG, true, cub::_V_300600_SM_890::SMEM, false, 4>, PrivatizedSmemBins=256, NumChannels=1, NumActiveChannels=1, SampleIteratorT=int8_t *, CounterT=int64_t, PrivatizedDecodeOpT=cub::_V_300600_SM_890::detail::histogram::Transforms<int, int, signed char>::PassThruTransform, OutputDecodeOpT=cub::_V_300600_SM_890::detail::histogram::Transforms<int, int, signed char>::ScaleTransform, OffsetT=int]" at line 518 of .deps/46a37f86b650bfc90b6cd852771bd31952688097/cub/cub/device/dispatch/kernels/kernel_histogram.cuh
            instantiation of "void cub::_V_300600_SM_890::detail::histogram::DeviceHistogramSweepKernel<PolicySelector,PrivatizedSmemBins,NumChannels,NumActiveChannels,SampleIteratorT,CounterT,PrivatizedDecodeOpT,OutputDecodeOpT,OffsetT>(SampleIteratorT, cuda::std::__4::array<int, NumActiveChannels>, cuda::std::__4::array<int, NumActiveChannels>, cuda::std::__4::array<CounterT *, NumActiveChannels>, cuda::std::__4::array<CounterT *, NumActiveChannels>, cuda::std::__4::array<OutputDecodeOpT, NumActiveChannels>, cuda::std::__4::array<PrivatizedDecodeOpT, NumActiveChannels>, OffsetT, OffsetT, OffsetT, int, cub::_V_300600_SM_890::GridQueue<int>) [with PolicySelector=cub::_V_300600_SM_890::detail::histogram::policy_selector_from_types<signed char, int64_t, 1, 1, true>, PrivatizedSmemBins=256, NumChannels=1, NumActiveChannels=1, SampleIteratorT=int8_t *, CounterT=int64_t, PrivatizedDecodeOpT=cub::_V_300600_SM_890::detail::histogram::Transforms<int, int, signed char>::PassThruTransform, OutputDecodeOpT=cub::_V_300600_SM_890::detail::histogram::Transforms<int, int, signed char>::ScaleTransform, OffsetT=int]" at line 114 of .deps/46a37f86b650bfc90b6cd852771bd31952688097/cub/cub/detail/env_dispatch.cuh
            instantiation of "cudaError_t cub::_V_300600_SM_890::detail::dispatch_with_env(void *, size_t &, const EnvT &, AlgorithmCallable &&) [with EnvT=cuda::std::execution::__4::env<>, AlgorithmCallable=lambda [](auto, void *, size_t &, cudaStream_t)->auto]" at line 132 of .deps/46a37f86b650bfc90b6cd852771bd31952688097/cub/cub/detail/env_dispatch.cuh
            instantiation of "cudaError_t cub::_V_300600_SM_890::detail::dispatch_with_env_and_tuning<DefaultPolicySelector,EnvT,AlgorithmCallable>(void *, size_t &, const EnvT &, AlgorithmCallable &&) [with DefaultPolicySelector=cub::_V_300600_SM_890::detail::histogram::policy_selector_from_types<signed char, int64_t, 1, 1, true>, EnvT=cuda::std::execution::__4::env<>, AlgorithmCallable=lambda [](auto, void *, size_t &, auto)->cudaError_t]" at line 821 of .deps/46a37f86b650bfc90b6cd852771bd31952688097/cub/cub/device/device_histogram.cuh
            instantiation of "cudaError_t cub::_V_300600_SM_890::DeviceHistogram::MultiHistogramEven<NUM_CHANNELS,NUM_ACTIVE_CHANNELS,SampleIteratorT,CounterT,LevelT,OffsetT,EnvT>(void *, size_t &, SampleIteratorT, cuda::std::__4::array<CounterT *, NUM_ACTIVE_CHANNELS>, cuda::std::__4::array<int, NUM_ACTIVE_CHANNELS>, cuda::std::__4::array<LevelT, NUM_ACTIVE_CHANNELS>, cuda::std::__4::array<LevelT, NUM_ACTIVE_CHANNELS>, OffsetT, OffsetT, size_t, const EnvT &) [with NUM_CHANNELS=1, NUM_ACTIVE_CHANNELS=1, SampleIteratorT=int8_t *, CounterT=int64_t, LevelT=int, OffsetT=int, EnvT=cuda::std::execution::__4::env<>]" at line 217 of .deps/46a37f86b650bfc90b6cd852771bd31952688097/cub/cub/device/device_histogram.cuh
            instantiation of "cudaError_t cub::_V_300600_SM_890::DeviceHistogram::HistogramEven(void *, size_t &, SampleIteratorT, CounterT *, int, LevelT, LevelT, OffsetT, const EnvT &) [with SampleIteratorT=int8_t *, CounterT=int64_t, LevelT=int, OffsetT=int, EnvT=cuda::std::execution::__4::env<>]" at line 30 of src/histogram_probe.cu
            instantiation of "__nv_bool run_case(const std::string &, const std::vector<Sample, std::allocator<Sample>> &, const std::vector<int, std::allocator<int>> &, __nv_bool, __nv_bool) [with Sample=int8_t, Count=int64_t]" at line 90 of src/histogram_probe.cu

.deps/46a37f86b650bfc90b6cd852771bd31952688097/cub/cub/agent/agent_histogram.cuh(300): error: no instance of overloaded function "atomicAdd" matches the argument list
            argument types are: (int64_t *, const int64_t)
            atomicAdd(&d_output_histograms[ch][output_bin], count);
            ^
/usr/local/cuda-13.2/bin/../targets/x86_64-linux/include/cuda_bf16.hpp(3896): note #3326-D: function "atomicAdd(__nv_bfloat16 *, __nv_bfloat16)" does not match because argument #1 does not match parameter
  __inline__ __nv_bfloat16 atomicAdd(__nv_bfloat16 *const address, const __nv_bfloat16 val)
                           ^
/usr/local/cuda-13.2/bin/../targets/x86_64-linux/include/cuda_bf16.hpp(3874): note #3326-D: function "atomicAdd(__nv_bfloat162 *, __nv_bfloat162)" does not match because argument #1 does not match parameter
  __inline__ __nv_bfloat162 atomicAdd(__nv_bfloat162 *const address, const __nv_bfloat162 val)
                            ^
/usr/local/cuda-13.2/bin/../targets/x86_64-linux/include/cuda_fp16.hpp(3522): note #3326-D: function "atomicAdd(__half *, __half)" does not match because argument #1 does not match parameter
  __inline__ __half atomicAdd(__half *const address, const __half val) {
                    ^
/usr/local/cuda-13.2/bin/../targets/x86_64-linux/include/cuda_fp16.hpp(3501): note #3326-D: function "atomicAdd(__half2 *, __half2)" does not match because argument #1 does not match parameter
  __inline__ __half2 atomicAdd(__half2 *const address, const __half2 val) {
                     ^
/usr/local/cuda-13.2/bin/../targets/x86_64-linux/include/sm_60_atomic_functions.hpp(292): note #3326-D: function "atomicAdd(double *, double)" does not match because argument #1 does not match parameter
  static __inline__ __attribute__((device)) double atomicAdd(double *address, double val)
                                                   ^
/usr/local/cuda-13.2/bin/../targets/x86_64-linux/include/sm_20_atomic_functions.hpp(82): note #3326-D: function "atomicAdd(float *, float)" does not match because argument #1 does not match parameter
  static __inline__ __attribute__((device)) float atomicAdd(float *address, float val)
                                                  ^
/usr/local/cuda-13.2/bin/../targets/x86_64-linux/include/device_atomic_functions.hpp(224): note #3326-D: function "atomicAdd(unsigned long long *, unsigned long long)" does not match because argument #1 does not match parameter
  static __inline__ __attribute__((device)) unsigned long long int atomicAdd(unsigned long long int *address, unsigned long long int val)
                                                                   ^
/usr/local/cuda-13.2/bin/../targets/x86_64-linux/include/device_atomic_functions.hpp(110): note #3326-D: function "atomicAdd(unsigned int *, unsigned int)" does not match because argument #1 does not match parameter
  static __inline__ __attribute__((device)) unsigned int atomicAdd(unsigned int *address, unsigned int val)
                                                         ^
/usr/local/cuda-13.2/bin/../targets/x86_64-linux/include/device_atomic_functions.hpp(105): note #3326-D: function "atomicAdd(int *, int)" does not match because argument #1 does not match parameter
  static __inline__ __attribute__((device)) int atomicAdd(int *address, int val)
                                                ^
          detected during:
            instantiation of "void cub::_V_300600_SM_890::detail::histogram::AgentHistogram<AgentHistogramPolicyT, PrivatizedSmemBins, NumChannels, NumActiveChannels, SampleIteratorT, CounterT, PrivatizedDecodeOpT, OutputDecodeOpT, OffsetT>::StoreOutput(TwoDimSubscriptableCounterT &) [with AgentHistogramPolicyT=cub::_V_300600_SM_890::detail::agent_histogram_policy<384, 16, cub::_V_300600_SM_890::BLOCK_LOAD_DIRECT, cub::_V_300600_SM_890::LOAD_LDG, true, cub::_V_300600_SM_890::SMEM, false, 4>, PrivatizedSmemBins=256, NumChannels=1, NumActiveChannels=1, SampleIteratorT=int8_t *, CounterT=int64_t, PrivatizedDecodeOpT=cub::_V_300600_SM_890::detail::histogram::Transforms<int, int, signed char>::PassThruTransform, OutputDecodeOpT=cub::_V_300600_SM_890::detail::histogram::Transforms<int, int, signed char>::ScaleTransform, OffsetT=int, TwoDimSubscriptableCounterT=int64_t *[1]]" at line 719
            instantiation of "void cub::_V_300600_SM_890::detail::histogram::AgentHistogram<AgentHistogramPolicyT, PrivatizedSmemBins, NumChannels, NumActiveChannels, SampleIteratorT, CounterT, PrivatizedDecodeOpT, OutputDecodeOpT, OffsetT>::StoreOutput() [with AgentHistogramPolicyT=cub::_V_300600_SM_890::detail::agent_histogram_policy<384, 16, cub::_V_300600_SM_890::BLOCK_LOAD_DIRECT, cub::_V_300600_SM_890::LOAD_LDG, true, cub::_V_300600_SM_890::SMEM, false, 4>, PrivatizedSmemBins=256, NumChannels=1, NumActiveChannels=1, SampleIteratorT=int8_t *, CounterT=int64_t, PrivatizedDecodeOpT=cub::_V_300600_SM_890::detail::histogram::Transforms<int, int, signed char>::PassThruTransform, OutputDecodeOpT=cub::_V_300600_SM_890::detail::histogram::Transforms<int, int, signed char>::ScaleTransform, OffsetT=int]" at line 518 of .deps/46a37f86b650bfc90b6cd852771bd31952688097/cub/cub/device/dispatch/kernels/kernel_histogram.cuh
            instantiation of "void cub::_V_300600_SM_890::detail::histogram::DeviceHistogramSweepKernel<PolicySelector,PrivatizedSmemBins,NumChannels,NumActiveChannels,SampleIteratorT,CounterT,PrivatizedDecodeOpT,OutputDecodeOpT,OffsetT>(SampleIteratorT, cuda::std::__4::array<int, NumActiveChannels>, cuda::std::__4::array<int, NumActiveChannels>, cuda::std::__4::array<CounterT *, NumActiveChannels>, cuda::std::__4::array<CounterT *, NumActiveChannels>, cuda::std::__4::array<OutputDecodeOpT, NumActiveChannels>, cuda::std::__4::array<PrivatizedDecodeOpT, NumActiveChannels>, OffsetT, OffsetT, OffsetT, int, cub::_V_300600_SM_890::GridQueue<int>) [with PolicySelector=cub::_V_300600_SM_890::detail::histogram::policy_selector_from_types<signed char, int64_t, 1, 1, true>, PrivatizedSmemBins=256, NumChannels=1, NumActiveChannels=1, SampleIteratorT=int8_t *, CounterT=int64_t, PrivatizedDecodeOpT=cub::_V_300600_SM_890::detail::histogram::Transforms<int, int, signed char>::PassThruTransform, OutputDecodeOpT=cub::_V_300600_SM_890::detail::histogram::Transforms<int, int, signed char>::ScaleTransform, OffsetT=int]" at line 114 of .deps/46a37f86b650bfc90b6cd852771bd31952688097/cub/cub/detail/env_dispatch.cuh
            instantiation of "cudaError_t cub::_V_300600_SM_890::detail::dispatch_with_env(void *, size_t &, const EnvT &, AlgorithmCallable &&) [with EnvT=cuda::std::execution::__4::env<>, AlgorithmCallable=lambda [](auto, void *, size_t &, cudaStream_t)->auto]" at line 132 of .deps/46a37f86b650bfc90b6cd852771bd31952688097/cub/cub/detail/env_dispatch.cuh
            instantiation of "cudaError_t cub::_V_300600_SM_890::detail::dispatch_with_env_and_tuning<DefaultPolicySelector,EnvT,AlgorithmCallable>(void *, size_t &, const EnvT &, AlgorithmCallable &&) [with DefaultPolicySelector=cub::_V_300600_SM_890::detail::histogram::policy_selector_from_types<signed char, int64_t, 1, 1, true>, EnvT=cuda::std::execution::__4::env<>, AlgorithmCallable=lambda [](auto, void *, size_t &, auto)->cudaError_t]" at line 821 of .deps/46a37f86b650bfc90b6cd852771bd31952688097/cub/cub/device/device_histogram.cuh
            instantiation of "cudaError_t cub::_V_300600_SM_890::DeviceHistogram::MultiHistogramEven<NUM_CHANNELS,NUM_ACTIVE_CHANNELS,SampleIteratorT,CounterT,LevelT,OffsetT,EnvT>(void *, size_t &, SampleIteratorT, cuda::std::__4::array<CounterT *, NUM_ACTIVE_CHANNELS>, cuda::std::__4::array<int, NUM_ACTIVE_CHANNELS>, cuda::std::__4::array<LevelT, NUM_ACTIVE_CHANNELS>, cuda::std::__4::array<LevelT, NUM_ACTIVE_CHANNELS>, OffsetT, OffsetT, size_t, const EnvT &) [with NUM_CHANNELS=1, NUM_ACTIVE_CHANNELS=1, SampleIteratorT=int8_t *, CounterT=int64_t, LevelT=int, OffsetT=int, EnvT=cuda::std::execution::__4::env<>]" at line 217 of .deps/46a37f86b650bfc90b6cd852771bd31952688097/cub/cub/device/device_histogram.cuh
            instantiation of "cudaError_t cub::_V_300600_SM_890::DeviceHistogram::HistogramEven(void *, size_t &, SampleIteratorT, CounterT *, int, LevelT, LevelT, OffsetT, const EnvT &) [with SampleIteratorT=int8_t *, CounterT=int64_t, LevelT=int, OffsetT=int, EnvT=cuda::std::execution::__4::env<>]" at line 30 of src/histogram_probe.cu
            instantiation of "__nv_bool run_case(const std::string &, const std::vector<Sample, std::allocator<Sample>> &, const std::vector<int, std::allocator<int>> &, __nv_bool, __nv_bool) [with Sample=int8_t, Count=int64_t]" at line 90 of src/histogram_probe.cu

.deps/46a37f86b650bfc90b6cd852771bd31952688097/cub/cub/agent/agent_histogram.cuh(336): error: no instance of overloaded function "atomicAdd_block" matches the argument list
            argument types are: (int64_t *, int64_t)
              {atomicAdd_block(privatized_histograms[ch] + bins[pixel], accumulator);}
               ^
/usr/local/cuda-13.2/bin/../targets/x86_64-linux/include/sm_60_atomic_functions.hpp(346): note #3326-D: function "atomicAdd_block(double *, double)" does not match because argument #1 does not match parameter
  double atomicAdd_block(double *address, double val)
         ^
/usr/local/cuda-13.2/bin/../targets/x86_64-linux/include/sm_60_atomic_functions.hpp(334): note #3326-D: function "atomicAdd_block(float *, float)" does not match because argument #1 does not match parameter
  float atomicAdd_block(float *address, float val)
        ^
/usr/local/cuda-13.2/bin/../targets/x86_64-linux/include/sm_60_atomic_functions.hpp(322): note #3326-D: function "atomicAdd_block(unsigned long long *, unsigned long long)" does not match because argument #1 does not match parameter
  unsigned long long atomicAdd_block(unsigned long long *address, unsigned long long val)
                     ^
/usr/local/cuda-13.2/bin/../targets/x86_64-linux/include/sm_60_atomic_functions.hpp(310): note #3326-D: function "atomicAdd_block(unsigned int *, unsigned int)" does not match because argument #1 does not match parameter
  unsigned int atomicAdd_block(unsigned int *address, unsigned int val)
               ^
/usr/local/cuda-13.2/bin/../targets/x86_64-linux/include/sm_60_atomic_functions.hpp(298): note #3326-D: function "atomicAdd_block(int *, int)" does not match because argument #1 does not match parameter
  int atomicAdd_block(int *address, int val)
      ^
          detected during:
            instantiation of "void cub::_V_300600_SM_890::detail::histogram::AgentHistogram<AgentHistogramPolicyT, PrivatizedSmemBins, NumChannels, NumActiveChannels, SampleIteratorT, CounterT, PrivatizedDecodeOpT, OutputDecodeOpT, OffsetT>::AccumulatePixels(cub::_V_300600_SM_890::detail::histogram::AgentHistogram<AgentHistogramPolicyT, PrivatizedSmemBins, NumChannels, NumActiveChannels, SampleIteratorT, CounterT, PrivatizedDecodeOpT, OutputDecodeOpT, OffsetT>::SampleT (*)[NumChannels], __nv_bool *, TwoDimSubscriptableCounterT &, cuda::std::__4::true_type) [with AgentHistogramPolicyT=cub::_V_300600_SM_890::detail::agent_histogram_policy<384, 16, cub::_V_300600_SM_890::BLOCK_LOAD_DIRECT, cub::_V_300600_SM_890::LOAD_LDG, true, cub::_V_300600_SM_890::SMEM, false, 4>, PrivatizedSmemBins=256, NumChannels=1, NumActiveChannels=1, SampleIteratorT=int8_t *, CounterT=int64_t, PrivatizedDecodeOpT=cub::_V_300600_SM_890::detail::histogram::Transforms<int, int, signed char>::PassThruTransform, OutputDecodeOpT=cub::_V_300600_SM_890::detail::histogram::Transforms<int, int, signed char>::SearchTransform<const int *>, OffsetT=int, TwoDimSubscriptableCounterT=int64_t [1][257]]" at line 477
            instantiation of "void cub::_V_300600_SM_890::detail::histogram::AgentHistogram<AgentHistogramPolicyT, PrivatizedSmemBins, NumChannels, NumActiveChannels, SampleIteratorT, CounterT, PrivatizedDecodeOpT, OutputDecodeOpT, OffsetT>::ConsumeTile<IsAligned,IsFullTile>(OffsetT, int) [with AgentHistogramPolicyT=cub::_V_300600_SM_890::detail::agent_histogram_policy<384, 16, cub::_V_300600_SM_890::BLOCK_LOAD_DIRECT, cub::_V_300600_SM_890::LOAD_LDG, true, cub::_V_300600_SM_890::SMEM, false, 4>, PrivatizedSmemBins=256, NumChannels=1, NumActiveChannels=1, SampleIteratorT=int8_t *, CounterT=int64_t, PrivatizedDecodeOpT=cub::_V_300600_SM_890::detail::histogram::Transforms<int, int, signed char>::PassThruTransform, OutputDecodeOpT=cub::_V_300600_SM_890::detail::histogram::Transforms<int, int, signed char>::SearchTransform<const int *>, OffsetT=int, IsAligned=true, IsFullTile=false]" at line 572
            instantiation of "void cub::_V_300600_SM_890::detail::histogram::AgentHistogram<AgentHistogramPolicyT, PrivatizedSmemBins, NumChannels, NumActiveChannels, SampleIteratorT, CounterT, PrivatizedDecodeOpT, OutputDecodeOpT, OffsetT>::ConsumeTiles<IsAligned>(OffsetT, OffsetT, OffsetT, int, cub::_V_300600_SM_890::GridQueue<int>, cuda::std::__4::false_type) [with AgentHistogramPolicyT=cub::_V_300600_SM_890::detail::agent_histogram_policy<384, 16, cub::_V_300600_SM_890::BLOCK_LOAD_DIRECT, cub::_V_300600_SM_890::LOAD_LDG, true, cub::_V_300600_SM_890::SMEM, false, 4>, PrivatizedSmemBins=256, NumChannels=1, NumActiveChannels=1, SampleIteratorT=int8_t *, CounterT=int64_t, PrivatizedDecodeOpT=cub::_V_300600_SM_890::detail::histogram::Transforms<int, int, signed char>::PassThruTransform, OutputDecodeOpT=cub::_V_300600_SM_890::detail::histogram::Transforms<int, int, signed char>::SearchTransform<const int *>, OffsetT=int, IsAligned=true]" at line 686
            instantiation of "void cub::_V_300600_SM_890::detail::histogram::AgentHistogram<AgentHistogramPolicyT, PrivatizedSmemBins, NumChannels, NumActiveChannels, SampleIteratorT, CounterT, PrivatizedDecodeOpT, OutputDecodeOpT, OffsetT>::ConsumeTiles(OffsetT, OffsetT, OffsetT, int, cub::_V_300600_SM_890::GridQueue<int>) [with AgentHistogramPolicyT=cub::_V_300600_SM_890::detail::agent_histogram_policy<384, 16, cub::_V_300600_SM_890::BLOCK_LOAD_DIRECT, cub::_V_300600_SM_890::LOAD_LDG, true, cub::_V_300600_SM_890::SMEM, false, 4>, PrivatizedSmemBins=256, NumChannels=1, NumActiveChannels=1, SampleIteratorT=int8_t *, CounterT=int64_t, PrivatizedDecodeOpT=cub::_V_300600_SM_890::detail::histogram::Transforms<int, int, signed char>::PassThruTransform, OutputDecodeOpT=cub::_V_300600_SM_890::detail::histogram::Transforms<int, int, signed char>::SearchTransform<const int *>, OffsetT=int]" at line 515 of .deps/46a37f86b650bfc90b6cd852771bd31952688097/cub/cub/device/dispatch/kernels/kernel_histogram.cuh
            instantiation of "void cub::_V_300600_SM_890::detail::histogram::DeviceHistogramSweepKernel<PolicySelector,PrivatizedSmemBins,NumChannels,NumActiveChannels,SampleIteratorT,CounterT,PrivatizedDecodeOpT,OutputDecodeOpT,OffsetT>(SampleIteratorT, cuda::std::__4::array<int, NumActiveChannels>, cuda::std::__4::array<int, NumActiveChannels>, cuda::std::__4::array<CounterT *, NumActiveChannels>, cuda::std::__4::array<CounterT *, NumActiveChannels>, cuda::std::__4::array<OutputDecodeOpT, NumActiveChannels>, cuda::std::__4::array<PrivatizedDecodeOpT, NumActiveChannels>, OffsetT, OffsetT, OffsetT, int, cub::_V_300600_SM_890::GridQueue<int>) [with PolicySelector=cub::_V_300600_SM_890::detail::histogram::policy_selector_from_types<signed char, int64_t, 1, 1, false>, PrivatizedSmemBins=256, NumChannels=1, NumActiveChannels=1, SampleIteratorT=int8_t *, CounterT=int64_t, PrivatizedDecodeOpT=cub::_V_300600_SM_890::detail::histogram::Transforms<int, int, signed char>::PassThruTransform, OutputDecodeOpT=cub::_V_300600_SM_890::detail::histogram::Transforms<int, int, signed char>::SearchTransform<const int *>, OffsetT=int]" at line 114 of .deps/46a37f86b650bfc90b6cd852771bd31952688097/cub/cub/detail/env_dispatch.cuh
            instantiation of "cudaError_t cub::_V_300600_SM_890::detail::dispatch_with_env(void *, size_t &, const EnvT &, AlgorithmCallable &&) [with EnvT=cuda::std::execution::__4::env<>, AlgorithmCallable=lambda [](auto, void *, size_t &, cudaStream_t)->auto]" at line 132 of .deps/46a37f86b650bfc90b6cd852771bd31952688097/cub/cub/detail/env_dispatch.cuh
            instantiation of "cudaError_t cub::_V_300600_SM_890::detail::dispatch_with_env_and_tuning<DefaultPolicySelector,EnvT,AlgorithmCallable>(void *, size_t &, const EnvT &, AlgorithmCallable &&) [with DefaultPolicySelector=cub::_V_300600_SM_890::detail::histogram::policy_selector_from_types<signed char, int64_t, 1, 1, false>, EnvT=cuda::std::execution::__4::env<>, AlgorithmCallable=lambda [](auto, void *, size_t &, auto)->cudaError_t]" at line 1545 of .deps/46a37f86b650bfc90b6cd852771bd31952688097/cub/cub/device/device_histogram.cuh
            instantiation of "cudaError_t cub::_V_300600_SM_890::DeviceHistogram::MultiHistogramRange<NUM_CHANNELS,NUM_ACTIVE_CHANNELS,SampleIteratorT,CounterT,LevelT,OffsetT,EnvT>(void *, size_t &, SampleIteratorT, cuda::std::__4::array<CounterT *, NUM_ACTIVE_CHANNELS>, cuda::std::__4::array<int, NUM_ACTIVE_CHANNELS>, cuda::std::__4::array<const LevelT *, NUM_ACTIVE_CHANNELS>, OffsetT, OffsetT, size_t, const EnvT &) [with NUM_CHANNELS=1, NUM_ACTIVE_CHANNELS=1, SampleIteratorT=int8_t *, CounterT=int64_t, LevelT=int, OffsetT=int, EnvT=cuda::std::execution::__4::env<>]" at line 990 of .deps/46a37f86b650bfc90b6cd852771bd31952688097/cub/cub/device/device_histogram.cuh
            instantiation of "cudaError_t cub::_V_300600_SM_890::DeviceHistogram::HistogramRange(void *, size_t &, SampleIteratorT, CounterT *, int, const LevelT *, OffsetT, const EnvT &) [with SampleIteratorT=int8_t *, CounterT=int64_t, LevelT=int, OffsetT=int, EnvT=cuda::std::execution::__4::env<>]" at line 31 of src/histogram_probe.cu
            instantiation of "__nv_bool run_case(const std::string &, const std::vector<Sample, std::allocator<Sample>> &, const std::vector<int, std::allocator<int>> &, __nv_bool, __nv_bool) [with Sample=int8_t, Count=int64_t]" at line 90 of src/histogram_probe.cu

.deps/46a37f86b650bfc90b6cd852771bd31952688097/cub/cub/agent/agent_histogram.cuh(349): error: no instance of overloaded function "atomicAdd_block" matches the argument list
            argument types are: (int64_t *, int64_t)
          {atomicAdd_block(privatized_histograms[ch] + bins[pixels_per_thread - 1], accumulator);}
           ^
/usr/local/cuda-13.2/bin/../targets/x86_64-linux/include/sm_60_atomic_functions.hpp(346): note #3326-D: function "atomicAdd_block(double *, double)" does not match because argument #1 does not match parameter
  double atomicAdd_block(double *address, double val)
         ^
/usr/local/cuda-13.2/bin/../targets/x86_64-linux/include/sm_60_atomic_functions.hpp(334): note #3326-D: function "atomicAdd_block(float *, float)" does not match because argument #1 does not match parameter
  float atomicAdd_block(float *address, float val)
        ^
/usr/local/cuda-13.2/bin/../targets/x86_64-linux/include/sm_60_atomic_functions.hpp(322): note #3326-D: function "atomicAdd_block(unsigned long long *, unsigned long long)" does not match because argument #1 does not match parameter
  unsigned long long atomicAdd_block(unsigned long long *address, unsigned long long val)
                     ^
/usr/local/cuda-13.2/bin/../targets/x86_64-linux/include/sm_60_atomic_functions.hpp(310): note #3326-D: function "atomicAdd_block(unsigned int *, unsigned int)" does not match because argument #1 does not match parameter
  unsigned int atomicAdd_block(unsigned int *address, unsigned int val)
               ^
/usr/local/cuda-13.2/bin/../targets/x86_64-linux/include/sm_60_atomic_functions.hpp(298): note #3326-D: function "atomicAdd_block(int *, int)" does not match because argument #1 does not match parameter
  int atomicAdd_block(int *address, int val)
      ^
          detected during:
            instantiation of "void cub::_V_300600_SM_890::detail::histogram::AgentHistogram<AgentHistogramPolicyT, PrivatizedSmemBins, NumChannels, NumActiveChannels, SampleIteratorT, CounterT, PrivatizedDecodeOpT, OutputDecodeOpT, OffsetT>::AccumulatePixels(cub::_V_300600_SM_890::detail::histogram::AgentHistogram<AgentHistogramPolicyT, PrivatizedSmemBins, NumChannels, NumActiveChannels, SampleIteratorT, CounterT, PrivatizedDecodeOpT, OutputDecodeOpT, OffsetT>::SampleT (*)[NumChannels], __nv_bool *, TwoDimSubscriptableCounterT &, cuda::std::__4::true_type) [with AgentHistogramPolicyT=cub::_V_300600_SM_890::detail::agent_histogram_policy<384, 16, cub::_V_300600_SM_890::BLOCK_LOAD_DIRECT, cub::_V_300600_SM_890::LOAD_LDG, true, cub::_V_300600_SM_890::SMEM, false, 4>, PrivatizedSmemBins=256, NumChannels=1, NumActiveChannels=1, SampleIteratorT=int8_t *, CounterT=int64_t, PrivatizedDecodeOpT=cub::_V_300600_SM_890::detail::histogram::Transforms<int, int, signed char>::PassThruTransform, OutputDecodeOpT=cub::_V_300600_SM_890::detail::histogram::Transforms<int, int, signed char>::SearchTransform<const int *>, OffsetT=int, TwoDimSubscriptableCounterT=int64_t [1][257]]" at line 477
            instantiation of "void cub::_V_300600_SM_890::detail::histogram::AgentHistogram<AgentHistogramPolicyT, PrivatizedSmemBins, NumChannels, NumActiveChannels, SampleIteratorT, CounterT, PrivatizedDecodeOpT, OutputDecodeOpT, OffsetT>::ConsumeTile<IsAligned,IsFullTile>(OffsetT, int) [with AgentHistogramPolicyT=cub::_V_300600_SM_890::detail::agent_histogram_policy<384, 16, cub::_V_300600_SM_890::BLOCK_LOAD_DIRECT, cub::_V_300600_SM_890::LOAD_LDG, true, cub::_V_300600_SM_890::SMEM, false, 4>, PrivatizedSmemBins=256, NumChannels=1, NumActiveChannels=1, SampleIteratorT=int8_t *, CounterT=int64_t, PrivatizedDecodeOpT=cub::_V_300600_SM_890::detail::histogram::Transforms<int, int, signed char>::PassThruTransform, OutputDecodeOpT=cub::_V_300600_SM_890::detail::histogram::Transforms<int, int, signed char>::SearchTransform<const int *>, OffsetT=int, IsAligned=true, IsFullTile=false]" at line 572
            instantiation of "void cub::_V_300600_SM_890::detail::histogram::AgentHistogram<AgentHistogramPolicyT, PrivatizedSmemBins, NumChannels, NumActiveChannels, SampleIteratorT, CounterT, PrivatizedDecodeOpT, OutputDecodeOpT, OffsetT>::ConsumeTiles<IsAligned>(OffsetT, OffsetT, OffsetT, int, cub::_V_300600_SM_890::GridQueue<int>, cuda::std::__4::false_type) [with AgentHistogramPolicyT=cub::_V_300600_SM_890::detail::agent_histogram_policy<384, 16, cub::_V_300600_SM_890::BLOCK_LOAD_DIRECT, cub::_V_300600_SM_890::LOAD_LDG, true, cub::_V_300600_SM_890::SMEM, false, 4>, PrivatizedSmemBins=256, NumChannels=1, NumActiveChannels=1, SampleIteratorT=int8_t *, CounterT=int64_t, PrivatizedDecodeOpT=cub::_V_300600_SM_890::detail::histogram::Transforms<int, int, signed char>::PassThruTransform, OutputDecodeOpT=cub::_V_300600_SM_890::detail::histogram::Transforms<int, int, signed char>::SearchTransform<const int *>, OffsetT=int, IsAligned=true]" at line 686
            instantiation of "void cub::_V_300600_SM_890::detail::histogram::AgentHistogram<AgentHistogramPolicyT, PrivatizedSmemBins, NumChannels, NumActiveChannels, SampleIteratorT, CounterT, PrivatizedDecodeOpT, OutputDecodeOpT, OffsetT>::ConsumeTiles(OffsetT, OffsetT, OffsetT, int, cub::_V_300600_SM_890::GridQueue<int>) [with AgentHistogramPolicyT=cub::_V_300600_SM_890::detail::agent_histogram_policy<384, 16, cub::_V_300600_SM_890::BLOCK_LOAD_DIRECT, cub::_V_300600_SM_890::LOAD_LDG, true, cub::_V_300600_SM_890::SMEM, false, 4>, PrivatizedSmemBins=256, NumChannels=1, NumActiveChannels=1, SampleIteratorT=int8_t *, CounterT=int64_t, PrivatizedDecodeOpT=cub::_V_300600_SM_890::detail::histogram::Transforms<int, int, signed char>::PassThruTransform, OutputDecodeOpT=cub::_V_300600_SM_890::detail::histogram::Transforms<int, int, signed char>::SearchTransform<const int *>, OffsetT=int]" at line 515 of .deps/46a37f86b650bfc90b6cd852771bd31952688097/cub/cub/device/dispatch/kernels/kernel_histogram.cuh
            instantiation of "void cub::_V_300600_SM_890::detail::histogram::DeviceHistogramSweepKernel<PolicySelector,PrivatizedSmemBins,NumChannels,NumActiveChannels,SampleIteratorT,CounterT,PrivatizedDecodeOpT,OutputDecodeOpT,OffsetT>(SampleIteratorT, cuda::std::__4::array<int, NumActiveChannels>, cuda::std::__4::array<int, NumActiveChannels>, cuda::std::__4::array<CounterT *, NumActiveChannels>, cuda::std::__4::array<CounterT *, NumActiveChannels>, cuda::std::__4::array<OutputDecodeOpT, NumActiveChannels>, cuda::std::__4::array<PrivatizedDecodeOpT, NumActiveChannels>, OffsetT, OffsetT, OffsetT, int, cub::_V_300600_SM_890::GridQueue<int>) [with PolicySelector=cub::_V_300600_SM_890::detail::histogram::policy_selector_from_types<signed char, int64_t, 1, 1, false>, PrivatizedSmemBins=256, NumChannels=1, NumActiveChannels=1, SampleIteratorT=int8_t *, CounterT=int64_t, PrivatizedDecodeOpT=cub::_V_300600_SM_890::detail::histogram::Transforms<int, int, signed char>::PassThruTransform, OutputDecodeOpT=cub::_V_300600_SM_890::detail::histogram::Transforms<int, int, signed char>::SearchTransform<const int *>, OffsetT=int]" at line 114 of .deps/46a37f86b650bfc90b6cd852771bd31952688097/cub/cub/detail/env_dispatch.cuh
            instantiation of "cudaError_t cub::_V_300600_SM_890::detail::dispatch_with_env(void *, size_t &, const EnvT &, AlgorithmCallable &&) [with EnvT=cuda::std::execution::__4::env<>, AlgorithmCallable=lambda [](auto, void *, size_t &, cudaStream_t)->auto]" at line 132 of .deps/46a37f86b650bfc90b6cd852771bd31952688097/cub/cub/detail/env_dispatch.cuh
            instantiation of "cudaError_t cub::_V_300600_SM_890::detail::dispatch_with_env_and_tuning<DefaultPolicySelector,EnvT,AlgorithmCallable>(void *, size_t &, const EnvT &, AlgorithmCallable &&) [with DefaultPolicySelector=cub::_V_300600_SM_890::detail::histogram::policy_selector_from_types<signed char, int64_t, 1, 1, false>, EnvT=cuda::std::execution::__4::env<>, AlgorithmCallable=lambda [](auto, void *, size_t &, auto)->cudaError_t]" at line 1545 of .deps/46a37f86b650bfc90b6cd852771bd31952688097/cub/cub/device/device_histogram.cuh
            instantiation of "cudaError_t cub::_V_300600_SM_890::DeviceHistogram::MultiHistogramRange<NUM_CHANNELS,NUM_ACTIVE_CHANNELS,SampleIteratorT,CounterT,LevelT,OffsetT,EnvT>(void *, size_t &, SampleIteratorT, cuda::std::__4::array<CounterT *, NUM_ACTIVE_CHANNELS>, cuda::std::__4::array<int, NUM_ACTIVE_CHANNELS>, cuda::std::__4::array<const LevelT *, NUM_ACTIVE_CHANNELS>, OffsetT, OffsetT, size_t, const EnvT &) [with NUM_CHANNELS=1, NUM_ACTIVE_CHANNELS=1, SampleIteratorT=int8_t *, CounterT=int64_t, LevelT=int, OffsetT=int, EnvT=cuda::std::execution::__4::env<>]" at line 990 of .deps/46a37f86b650bfc90b6cd852771bd31952688097/cub/cub/device/device_histogram.cuh
            instantiation of "cudaError_t cub::_V_300600_SM_890::DeviceHistogram::HistogramRange(void *, size_t &, SampleIteratorT, CounterT *, int, const LevelT *, OffsetT, const EnvT &) [with SampleIteratorT=int8_t *, CounterT=int64_t, LevelT=int, OffsetT=int, EnvT=cuda::std::execution::__4::env<>]" at line 31 of src/histogram_probe.cu
            instantiation of "__nv_bool run_case(const std::string &, const std::vector<Sample, std::allocator<Sample>> &, const std::vector<int, std::allocator<int>> &, __nv_bool, __nv_bool) [with Sample=int8_t, Count=int64_t]" at line 90 of src/histogram_probe.cu

.deps/46a37f86b650bfc90b6cd852771bd31952688097/cub/cub/agent/agent_histogram.cuh(336): error: no instance of overloaded function "atomicAdd_block" matches the argument list
            argument types are: (int64_t *, int64_t)
              {atomicAdd_block(privatized_histograms[ch] + bins[pixel], accumulator);}
               ^
/usr/local/cuda-13.2/bin/../targets/x86_64-linux/include/sm_60_atomic_functions.hpp(346): note #3326-D: function "atomicAdd_block(double *, double)" does not match because argument #1 does not match parameter
  double atomicAdd_block(double *address, double val)
         ^
/usr/local/cuda-13.2/bin/../targets/x86_64-linux/include/sm_60_atomic_functions.hpp(334): note #3326-D: function "atomicAdd_block(float *, float)" does not match because argument #1 does not match parameter
  float atomicAdd_block(float *address, float val)
        ^
/usr/local/cuda-13.2/bin/../targets/x86_64-linux/include/sm_60_atomic_functions.hpp(322): note #3326-D: function "atomicAdd_block(unsigned long long *, unsigned long long)" does not match because argument #1 does not match parameter
  unsigned long long atomicAdd_block(unsigned long long *address, unsigned long long val)
                     ^
/usr/local/cuda-13.2/bin/../targets/x86_64-linux/include/sm_60_atomic_functions.hpp(310): note #3326-D: function "atomicAdd_block(unsigned int *, unsigned int)" does not match because argument #1 does not match parameter
  unsigned int atomicAdd_block(unsigned int *address, unsigned int val)
               ^
/usr/local/cuda-13.2/bin/../targets/x86_64-linux/include/sm_60_atomic_functions.hpp(298): note #3326-D: function "atomicAdd_block(int *, int)" does not match because argument #1 does not match parameter
  int atomicAdd_block(int *address, int val)
      ^
          detected during:
            instantiation of "void cub::_V_300600_SM_890::detail::histogram::AgentHistogram<AgentHistogramPolicyT, PrivatizedSmemBins, NumChannels, NumActiveChannels, SampleIteratorT, CounterT, PrivatizedDecodeOpT, OutputDecodeOpT, OffsetT>::AccumulatePixels(cub::_V_300600_SM_890::detail::histogram::AgentHistogram<AgentHistogramPolicyT, PrivatizedSmemBins, NumChannels, NumActiveChannels, SampleIteratorT, CounterT, PrivatizedDecodeOpT, OutputDecodeOpT, OffsetT>::SampleT (*)[NumChannels], __nv_bool *, TwoDimSubscriptableCounterT &, cuda::std::__4::true_type) [with AgentHistogramPolicyT=cub::_V_300600_SM_890::detail::agent_histogram_policy<384, 16, cub::_V_300600_SM_890::BLOCK_LOAD_DIRECT, cub::_V_300600_SM_890::LOAD_LDG, true, cub::_V_300600_SM_890::SMEM, false, 4>, PrivatizedSmemBins=256, NumChannels=1, NumActiveChannels=1, SampleIteratorT=int8_t *, CounterT=int64_t, PrivatizedDecodeOpT=cub::_V_300600_SM_890::detail::histogram::Transforms<int, int, signed char>::PassThruTransform, OutputDecodeOpT=cub::_V_300600_SM_890::detail::histogram::Transforms<int, int, signed char>::SearchTransform<const int *>, OffsetT=int, TwoDimSubscriptableCounterT=int64_t *[1]]" at line 481
            instantiation of "void cub::_V_300600_SM_890::detail::histogram::AgentHistogram<AgentHistogramPolicyT, PrivatizedSmemBins, NumChannels, NumActiveChannels, SampleIteratorT, CounterT, PrivatizedDecodeOpT, OutputDecodeOpT, OffsetT>::ConsumeTile<IsAligned,IsFullTile>(OffsetT, int) [with AgentHistogramPolicyT=cub::_V_300600_SM_890::detail::agent_histogram_policy<384, 16, cub::_V_300600_SM_890::BLOCK_LOAD_DIRECT, cub::_V_300600_SM_890::LOAD_LDG, true, cub::_V_300600_SM_890::SMEM, false, 4>, PrivatizedSmemBins=256, NumChannels=1, NumActiveChannels=1, SampleIteratorT=int8_t *, CounterT=int64_t, PrivatizedDecodeOpT=cub::_V_300600_SM_890::detail::histogram::Transforms<int, int, signed char>::PassThruTransform, OutputDecodeOpT=cub::_V_300600_SM_890::detail::histogram::Transforms<int, int, signed char>::SearchTransform<const int *>, OffsetT=int, IsAligned=true, IsFullTile=false]" at line 572
            instantiation of "void cub::_V_300600_SM_890::detail::histogram::AgentHistogram<AgentHistogramPolicyT, PrivatizedSmemBins, NumChannels, NumActiveChannels, SampleIteratorT, CounterT, PrivatizedDecodeOpT, OutputDecodeOpT, OffsetT>::ConsumeTiles<IsAligned>(OffsetT, OffsetT, OffsetT, int, cub::_V_300600_SM_890::GridQueue<int>, cuda::std::__4::false_type) [with AgentHistogramPolicyT=cub::_V_300600_SM_890::detail::agent_histogram_policy<384, 16, cub::_V_300600_SM_890::BLOCK_LOAD_DIRECT, cub::_V_300600_SM_890::LOAD_LDG, true, cub::_V_300600_SM_890::SMEM, false, 4>, PrivatizedSmemBins=256, NumChannels=1, NumActiveChannels=1, SampleIteratorT=int8_t *, CounterT=int64_t, PrivatizedDecodeOpT=cub::_V_300600_SM_890::detail::histogram::Transforms<int, int, signed char>::PassThruTransform, OutputDecodeOpT=cub::_V_300600_SM_890::detail::histogram::Transforms<int, int, signed char>::SearchTransform<const int *>, OffsetT=int, IsAligned=true]" at line 686
            instantiation of "void cub::_V_300600_SM_890::detail::histogram::AgentHistogram<AgentHistogramPolicyT, PrivatizedSmemBins, NumChannels, NumActiveChannels, SampleIteratorT, CounterT, PrivatizedDecodeOpT, OutputDecodeOpT, OffsetT>::ConsumeTiles(OffsetT, OffsetT, OffsetT, int, cub::_V_300600_SM_890::GridQueue<int>) [with AgentHistogramPolicyT=cub::_V_300600_SM_890::detail::agent_histogram_policy<384, 16, cub::_V_300600_SM_890::BLOCK_LOAD_DIRECT, cub::_V_300600_SM_890::LOAD_LDG, true, cub::_V_300600_SM_890::SMEM, false, 4>, PrivatizedSmemBins=256, NumChannels=1, NumActiveChannels=1, SampleIteratorT=int8_t *, CounterT=int64_t, PrivatizedDecodeOpT=cub::_V_300600_SM_890::detail::histogram::Transforms<int, int, signed char>::PassThruTransform, OutputDecodeOpT=cub::_V_300600_SM_890::detail::histogram::Transforms<int, int, signed char>::SearchTransform<const int *>, OffsetT=int]" at line 515 of .deps/46a37f86b650bfc90b6cd852771bd31952688097/cub/cub/device/dispatch/kernels/kernel_histogram.cuh
            instantiation of "void cub::_V_300600_SM_890::detail::histogram::DeviceHistogramSweepKernel<PolicySelector,PrivatizedSmemBins,NumChannels,NumActiveChannels,SampleIteratorT,CounterT,PrivatizedDecodeOpT,OutputDecodeOpT,OffsetT>(SampleIteratorT, cuda::std::__4::array<int, NumActiveChannels>, cuda::std::__4::array<int, NumActiveChannels>, cuda::std::__4::array<CounterT *, NumActiveChannels>, cuda::std::__4::array<CounterT *, NumActiveChannels>, cuda::std::__4::array<OutputDecodeOpT, NumActiveChannels>, cuda::std::__4::array<PrivatizedDecodeOpT, NumActiveChannels>, OffsetT, OffsetT, OffsetT, int, cub::_V_300600_SM_890::GridQueue<int>) [with PolicySelector=cub::_V_300600_SM_890::detail::histogram::policy_selector_from_types<signed char, int64_t, 1, 1, false>, PrivatizedSmemBins=256, NumChannels=1, NumActiveChannels=1, SampleIteratorT=int8_t *, CounterT=int64_t, PrivatizedDecodeOpT=cub::_V_300600_SM_890::detail::histogram::Transforms<int, int, signed char>::PassThruTransform, OutputDecodeOpT=cub::_V_300600_SM_890::detail::histogram::Transforms<int, int, signed char>::SearchTransform<const int *>, OffsetT=int]" at line 114 of .deps/46a37f86b650bfc90b6cd852771bd31952688097/cub/cub/detail/env_dispatch.cuh
            instantiation of "cudaError_t cub::_V_300600_SM_890::detail::dispatch_with_env(void *, size_t &, const EnvT &, AlgorithmCallable &&) [with EnvT=cuda::std::execution::__4::env<>, AlgorithmCallable=lambda [](auto, void *, size_t &, cudaStream_t)->auto]" at line 132 of .deps/46a37f86b650bfc90b6cd852771bd31952688097/cub/cub/detail/env_dispatch.cuh
            instantiation of "cudaError_t cub::_V_300600_SM_890::detail::dispatch_with_env_and_tuning<DefaultPolicySelector,EnvT,AlgorithmCallable>(void *, size_t &, const EnvT &, AlgorithmCallable &&) [with DefaultPolicySelector=cub::_V_300600_SM_890::detail::histogram::policy_selector_from_types<signed char, int64_t, 1, 1, false>, EnvT=cuda::std::execution::__4::env<>, AlgorithmCallable=lambda [](auto, void *, size_t &, auto)->cudaError_t]" at line 1545 of .deps/46a37f86b650bfc90b6cd852771bd31952688097/cub/cub/device/device_histogram.cuh
            instantiation of "cudaError_t cub::_V_300600_SM_890::DeviceHistogram::MultiHistogramRange<NUM_CHANNELS,NUM_ACTIVE_CHANNELS,SampleIteratorT,CounterT,LevelT,OffsetT,EnvT>(void *, size_t &, SampleIteratorT, cuda::std::__4::array<CounterT *, NUM_ACTIVE_CHANNELS>, cuda::std::__4::array<int, NUM_ACTIVE_CHANNELS>, cuda::std::__4::array<const LevelT *, NUM_ACTIVE_CHANNELS>, OffsetT, OffsetT, size_t, const EnvT &) [with NUM_CHANNELS=1, NUM_ACTIVE_CHANNELS=1, SampleIteratorT=int8_t *, CounterT=int64_t, LevelT=int, OffsetT=int, EnvT=cuda::std::execution::__4::env<>]" at line 990 of .deps/46a37f86b650bfc90b6cd852771bd31952688097/cub/cub/device/device_histogram.cuh
            instantiation of "cudaError_t cub::_V_300600_SM_890::DeviceHistogram::HistogramRange(void *, size_t &, SampleIteratorT, CounterT *, int, const LevelT *, OffsetT, const EnvT &) [with SampleIteratorT=int8_t *, CounterT=int64_t, LevelT=int, OffsetT=int, EnvT=cuda::std::execution::__4::env<>]" at line 31 of src/histogram_probe.cu
            instantiation of "__nv_bool run_case(const std::string &, const std::vector<Sample, std::allocator<Sample>> &, const std::vector<int, std::allocator<int>> &, __nv_bool, __nv_bool) [with Sample=int8_t, Count=int64_t]" at line 90 of src/histogram_probe.cu

.deps/46a37f86b650bfc90b6cd852771bd31952688097/cub/cub/agent/agent_histogram.cuh(349): error: no instance of overloaded function "atomicAdd_block" matches the argument list
            argument types are: (int64_t *, int64_t)
          {atomicAdd_block(privatized_histograms[ch] + bins[pixels_per_thread - 1], accumulator);}
           ^
/usr/local/cuda-13.2/bin/../targets/x86_64-linux/include/sm_60_atomic_functions.hpp(346): note #3326-D: function "atomicAdd_block(double *, double)" does not match because argument #1 does not match parameter
  double atomicAdd_block(double *address, double val)
         ^
/usr/local/cuda-13.2/bin/../targets/x86_64-linux/include/sm_60_atomic_functions.hpp(334): note #3326-D: function "atomicAdd_block(float *, float)" does not match because argument #1 does not match parameter
  float atomicAdd_block(float *address, float val)
        ^
/usr/local/cuda-13.2/bin/../targets/x86_64-linux/include/sm_60_atomic_functions.hpp(322): note #3326-D: function "atomicAdd_block(unsigned long long *, unsigned long long)" does not match because argument #1 does not match parameter
  unsigned long long atomicAdd_block(unsigned long long *address, unsigned long long val)
                     ^
/usr/local/cuda-13.2/bin/../targets/x86_64-linux/include/sm_60_atomic_functions.hpp(310): note #3326-D: function "atomicAdd_block(unsigned int *, unsigned int)" does not match because argument #1 does not match parameter
  unsigned int atomicAdd_block(unsigned int *address, unsigned int val)
               ^
/usr/local/cuda-13.2/bin/../targets/x86_64-linux/include/sm_60_atomic_functions.hpp(298): note #3326-D: function "atomicAdd_block(int *, int)" does not match because argument #1 does not match parameter
  int atomicAdd_block(int *address, int val)
      ^
          detected during:
            instantiation of "void cub::_V_300600_SM_890::detail::histogram::AgentHistogram<AgentHistogramPolicyT, PrivatizedSmemBins, NumChannels, NumActiveChannels, SampleIteratorT, CounterT, PrivatizedDecodeOpT, OutputDecodeOpT, OffsetT>::AccumulatePixels(cub::_V_300600_SM_890::detail::histogram::AgentHistogram<AgentHistogramPolicyT, PrivatizedSmemBins, NumChannels, NumActiveChannels, SampleIteratorT, CounterT, PrivatizedDecodeOpT, OutputDecodeOpT, OffsetT>::SampleT (*)[NumChannels], __nv_bool *, TwoDimSubscriptableCounterT &, cuda::std::__4::true_type) [with AgentHistogramPolicyT=cub::_V_300600_SM_890::detail::agent_histogram_policy<384, 16, cub::_V_300600_SM_890::BLOCK_LOAD_DIRECT, cub::_V_300600_SM_890::LOAD_LDG, true, cub::_V_300600_SM_890::SMEM, false, 4>, PrivatizedSmemBins=256, NumChannels=1, NumActiveChannels=1, SampleIteratorT=int8_t *, CounterT=int64_t, PrivatizedDecodeOpT=cub::_V_300600_SM_890::detail::histogram::Transforms<int, int, signed char>::PassThruTransform, OutputDecodeOpT=cub::_V_300600_SM_890::detail::histogram::Transforms<int, int, signed char>::SearchTransform<const int *>, OffsetT=int, TwoDimSubscriptableCounterT=int64_t *[1]]" at line 481
            instantiation of "void cub::_V_300600_SM_890::detail::histogram::AgentHistogram<AgentHistogramPolicyT, PrivatizedSmemBins, NumChannels, NumActiveChannels, SampleIteratorT, CounterT, PrivatizedDecodeOpT, OutputDecodeOpT, OffsetT>::ConsumeTile<IsAligned,IsFullTile>(OffsetT, int) [with AgentHistogramPolicyT=cub::_V_300600_SM_890::detail::agent_histogram_policy<384, 16, cub::_V_300600_SM_890::BLOCK_LOAD_DIRECT, cub::_V_300600_SM_890::LOAD_LDG, true, cub::_V_300600_SM_890::SMEM, false, 4>, PrivatizedSmemBins=256, NumChannels=1, NumActiveChannels=1, SampleIteratorT=int8_t *, CounterT=int64_t, PrivatizedDecodeOpT=cub::_V_300600_SM_890::detail::histogram::Transforms<int, int, signed char>::PassThruTransform, OutputDecodeOpT=cub::_V_300600_SM_890::detail::histogram::Transforms<int, int, signed char>::SearchTransform<const int *>, OffsetT=int, IsAligned=true, IsFullTile=false]" at line 572
            instantiation of "void cub::_V_300600_SM_890::detail::histogram::AgentHistogram<AgentHistogramPolicyT, PrivatizedSmemBins, NumChannels, NumActiveChannels, SampleIteratorT, CounterT, PrivatizedDecodeOpT, OutputDecodeOpT, OffsetT>::ConsumeTiles<IsAligned>(OffsetT, OffsetT, OffsetT, int, cub::_V_300600_SM_890::GridQueue<int>, cuda::std::__4::false_type) [with AgentHistogramPolicyT=cub::_V_300600_SM_890::detail::agent_histogram_policy<384, 16, cub::_V_300600_SM_890::BLOCK_LOAD_DIRECT, cub::_V_300600_SM_890::LOAD_LDG, true, cub::_V_300600_SM_890::SMEM, false, 4>, PrivatizedSmemBins=256, NumChannels=1, NumActiveChannels=1, SampleIteratorT=int8_t *, CounterT=int64_t, PrivatizedDecodeOpT=cub::_V_300600_SM_890::detail::histogram::Transforms<int, int, signed char>::PassThruTransform, OutputDecodeOpT=cub::_V_300600_SM_890::detail::histogram::Transforms<int, int, signed char>::SearchTransform<const int *>, OffsetT=int, IsAligned=true]" at line 686
            instantiation of "void cub::_V_300600_SM_890::detail::histogram::AgentHistogram<AgentHistogramPolicyT, PrivatizedSmemBins, NumChannels, NumActiveChannels, SampleIteratorT, CounterT, PrivatizedDecodeOpT, OutputDecodeOpT, OffsetT>::ConsumeTiles(OffsetT, OffsetT, OffsetT, int, cub::_V_300600_SM_890::GridQueue<int>) [with AgentHistogramPolicyT=cub::_V_300600_SM_890::detail::agent_histogram_policy<384, 16, cub::_V_300600_SM_890::BLOCK_LOAD_DIRECT, cub::_V_300600_SM_890::LOAD_LDG, true, cub::_V_300600_SM_890::SMEM, false, 4>, PrivatizedSmemBins=256, NumChannels=1, NumActiveChannels=1, SampleIteratorT=int8_t *, CounterT=int64_t, PrivatizedDecodeOpT=cub::_V_300600_SM_890::detail::histogram::Transforms<int, int, signed char>::PassThruTransform, OutputDecodeOpT=cub::_V_300600_SM_890::detail::histogram::Transforms<int, int, signed char>::SearchTransform<const int *>, OffsetT=int]" at line 515 of .deps/46a37f86b650bfc90b6cd852771bd31952688097/cub/cub/device/dispatch/kernels/kernel_histogram.cuh
            instantiation of "void cub::_V_300600_SM_890::detail::histogram::DeviceHistogramSweepKernel<PolicySelector,PrivatizedSmemBins,NumChannels,NumActiveChannels,SampleIteratorT,CounterT,PrivatizedDecodeOpT,OutputDecodeOpT,OffsetT>(SampleIteratorT, cuda::std::__4::array<int, NumActiveChannels>, cuda::std::__4::array<int, NumActiveChannels>, cuda::std::__4::array<CounterT *, NumActiveChannels>, cuda::std::__4::array<CounterT *, NumActiveChannels>, cuda::std::__4::array<OutputDecodeOpT, NumActiveChannels>, cuda::std::__4::array<PrivatizedDecodeOpT, NumActiveChannels>, OffsetT, OffsetT, OffsetT, int, cub::_V_300600_SM_890::GridQueue<int>) [with PolicySelector=cub::_V_300600_SM_890::detail::histogram::policy_selector_from_types<signed char, int64_t, 1, 1, false>, PrivatizedSmemBins=256, NumChannels=1, NumActiveChannels=1, SampleIteratorT=int8_t *, CounterT=int64_t, PrivatizedDecodeOpT=cub::_V_300600_SM_890::detail::histogram::Transforms<int, int, signed char>::PassThruTransform, OutputDecodeOpT=cub::_V_300600_SM_890::detail::histogram::Transforms<int, int, signed char>::SearchTransform<const int *>, OffsetT=int]" at line 114 of .deps/46a37f86b650bfc90b6cd852771bd31952688097/cub/cub/detail/env_dispatch.cuh
            instantiation of "cudaError_t cub::_V_300600_SM_890::detail::dispatch_with_env(void *, size_t &, const EnvT &, AlgorithmCallable &&) [with EnvT=cuda::std::execution::__4::env<>, AlgorithmCallable=lambda [](auto, void *, size_t &, cudaStream_t)->auto]" at line 132 of .deps/46a37f86b650bfc90b6cd852771bd31952688097/cub/cub/detail/env_dispatch.cuh
            instantiation of "cudaError_t cub::_V_300600_SM_890::detail::dispatch_with_env_and_tuning<DefaultPolicySelector,EnvT,AlgorithmCallable>(void *, size_t &, const EnvT &, AlgorithmCallable &&) [with DefaultPolicySelector=cub::_V_300600_SM_890::detail::histogram::policy_selector_from_types<signed char, int64_t, 1, 1, false>, EnvT=cuda::std::execution::__4::env<>, AlgorithmCallable=lambda [](auto, void *, size_t &, auto)->cudaError_t]" at line 1545 of .deps/46a37f86b650bfc90b6cd852771bd31952688097/cub/cub/device/device_histogram.cuh
            instantiation of "cudaError_t cub::_V_300600_SM_890::DeviceHistogram::MultiHistogramRange<NUM_CHANNELS,NUM_ACTIVE_CHANNELS,SampleIteratorT,CounterT,LevelT,OffsetT,EnvT>(void *, size_t &, SampleIteratorT, cuda::std::__4::array<CounterT *, NUM_ACTIVE_CHANNELS>, cuda::std::__4::array<int, NUM_ACTIVE_CHANNELS>, cuda::std::__4::array<const LevelT *, NUM_ACTIVE_CHANNELS>, OffsetT, OffsetT, size_t, const EnvT &) [with NUM_CHANNELS=1, NUM_ACTIVE_CHANNELS=1, SampleIteratorT=int8_t *, CounterT=int64_t, LevelT=int, OffsetT=int, EnvT=cuda::std::execution::__4::env<>]" at line 990 of .deps/46a37f86b650bfc90b6cd852771bd31952688097/cub/cub/device/device_histogram.cuh
            instantiation of "cudaError_t cub::_V_300600_SM_890::DeviceHistogram::HistogramRange(void *, size_t &, SampleIteratorT, CounterT *, int, const LevelT *, OffsetT, const EnvT &) [with SampleIteratorT=int8_t *, CounterT=int64_t, LevelT=int, OffsetT=int, EnvT=cuda::std::execution::__4::env<>]" at line 31 of src/histogram_probe.cu
            instantiation of "__nv_bool run_case(const std::string &, const std::vector<Sample, std::allocator<Sample>> &, const std::vector<int, std::allocator<int>> &, __nv_bool, __nv_bool) [with Sample=int8_t, Count=int64_t]" at line 90 of src/histogram_probe.cu

.deps/46a37f86b650bfc90b6cd852771bd31952688097/cub/cub/agent/agent_histogram.cuh(300): error: no instance of overloaded function "atomicAdd" matches the argument list
            argument types are: (int64_t *, const int64_t)
            atomicAdd(&d_output_histograms[ch][output_bin], count);
            ^
/usr/local/cuda-13.2/bin/../targets/x86_64-linux/include/cuda_bf16.hpp(3896): note #3326-D: function "atomicAdd(__nv_bfloat16 *, __nv_bfloat16)" does not match because argument #1 does not match parameter
  __inline__ __nv_bfloat16 atomicAdd(__nv_bfloat16 *const address, const __nv_bfloat16 val)
                           ^
/usr/local/cuda-13.2/bin/../targets/x86_64-linux/include/cuda_bf16.hpp(3874): note #3326-D: function "atomicAdd(__nv_bfloat162 *, __nv_bfloat162)" does not match because argument #1 does not match parameter
  __inline__ __nv_bfloat162 atomicAdd(__nv_bfloat162 *const address, const __nv_bfloat162 val)
                            ^
/usr/local/cuda-13.2/bin/../targets/x86_64-linux/include/cuda_fp16.hpp(3522): note #3326-D: function "atomicAdd(__half *, __half)" does not match because argument #1 does not match parameter
  __inline__ __half atomicAdd(__half *const address, const __half val) {
                    ^
/usr/local/cuda-13.2/bin/../targets/x86_64-linux/include/cuda_fp16.hpp(3501): note #3326-D: function "atomicAdd(__half2 *, __half2)" does not match because argument #1 does not match parameter
  __inline__ __half2 atomicAdd(__half2 *const address, const __half2 val) {
                     ^
/usr/local/cuda-13.2/bin/../targets/x86_64-linux/include/sm_60_atomic_functions.hpp(292): note #3326-D: function "atomicAdd(double *, double)" does not match because argument #1 does not match parameter
  static __inline__ __attribute__((device)) double atomicAdd(double *address, double val)
                                                   ^
/usr/local/cuda-13.2/bin/../targets/x86_64-linux/include/sm_20_atomic_functions.hpp(82): note #3326-D: function "atomicAdd(float *, float)" does not match because argument #1 does not match parameter
  static __inline__ __attribute__((device)) float atomicAdd(float *address, float val)
                                                  ^
/usr/local/cuda-13.2/bin/../targets/x86_64-linux/include/device_atomic_functions.hpp(224): note #3326-D: function "atomicAdd(unsigned long long *, unsigned long long)" does not match because argument #1 does not match parameter
  static __inline__ __attribute__((device)) unsigned long long int atomicAdd(unsigned long long int *address, unsigned long long int val)
                                                                   ^
/usr/local/cuda-13.2/bin/../targets/x86_64-linux/include/device_atomic_functions.hpp(110): note #3326-D: function "atomicAdd(unsigned int *, unsigned int)" does not match because argument #1 does not match parameter
  static __inline__ __attribute__((device)) unsigned int atomicAdd(unsigned int *address, unsigned int val)
                                                         ^
/usr/local/cuda-13.2/bin/../targets/x86_64-linux/include/device_atomic_functions.hpp(105): note #3326-D: function "atomicAdd(int *, int)" does not match because argument #1 does not match parameter
  static __inline__ __attribute__((device)) int atomicAdd(int *address, int val)
                                                ^
          detected during:
            instantiation of "void cub::_V_300600_SM_890::detail::histogram::AgentHistogram<AgentHistogramPolicyT, PrivatizedSmemBins, NumChannels, NumActiveChannels, SampleIteratorT, CounterT, PrivatizedDecodeOpT, OutputDecodeOpT, OffsetT>::StoreOutput(TwoDimSubscriptableCounterT &) [with AgentHistogramPolicyT=cub::_V_300600_SM_890::detail::agent_histogram_policy<384, 16, cub::_V_300600_SM_890::BLOCK_LOAD_DIRECT, cub::_V_300600_SM_890::LOAD_LDG, true, cub::_V_300600_SM_890::SMEM, false, 4>, PrivatizedSmemBins=256, NumChannels=1, NumActiveChannels=1, SampleIteratorT=int8_t *, CounterT=int64_t, PrivatizedDecodeOpT=cub::_V_300600_SM_890::detail::histogram::Transforms<int, int, signed char>::PassThruTransform, OutputDecodeOpT=cub::_V_300600_SM_890::detail::histogram::Transforms<int, int, signed char>::SearchTransform<const int *>, OffsetT=int, TwoDimSubscriptableCounterT=int64_t [1][257]]" at line 715
            instantiation of "void cub::_V_300600_SM_890::detail::histogram::AgentHistogram<AgentHistogramPolicyT, PrivatizedSmemBins, NumChannels, NumActiveChannels, SampleIteratorT, CounterT, PrivatizedDecodeOpT, OutputDecodeOpT, OffsetT>::StoreOutput() [with AgentHistogramPolicyT=cub::_V_300600_SM_890::detail::agent_histogram_policy<384, 16, cub::_V_300600_SM_890::BLOCK_LOAD_DIRECT, cub::_V_300600_SM_890::LOAD_LDG, true, cub::_V_300600_SM_890::SMEM, false, 4>, PrivatizedSmemBins=256, NumChannels=1, NumActiveChannels=1, SampleIteratorT=int8_t *, CounterT=int64_t, PrivatizedDecodeOpT=cub::_V_300600_SM_890::detail::histogram::Transforms<int, int, signed char>::PassThruTransform, OutputDecodeOpT=cub::_V_300600_SM_890::detail::histogram::Transforms<int, int, signed char>::SearchTransform<const int *>, OffsetT=int]" at line 518 of .deps/46a37f86b650bfc90b6cd852771bd31952688097/cub/cub/device/dispatch/kernels/kernel_histogram.cuh
            instantiation of "void cub::_V_300600_SM_890::detail::histogram::DeviceHistogramSweepKernel<PolicySelector,PrivatizedSmemBins,NumChannels,NumActiveChannels,SampleIteratorT,CounterT,PrivatizedDecodeOpT,OutputDecodeOpT,OffsetT>(SampleIteratorT, cuda::std::__4::array<int, NumActiveChannels>, cuda::std::__4::array<int, NumActiveChannels>, cuda::std::__4::array<CounterT *, NumActiveChannels>, cuda::std::__4::array<CounterT *, NumActiveChannels>, cuda::std::__4::array<OutputDecodeOpT, NumActiveChannels>, cuda::std::__4::array<PrivatizedDecodeOpT, NumActiveChannels>, OffsetT, OffsetT, OffsetT, int, cub::_V_300600_SM_890::GridQueue<int>) [with PolicySelector=cub::_V_300600_SM_890::detail::histogram::policy_selector_from_types<signed char, int64_t, 1, 1, false>, PrivatizedSmemBins=256, NumChannels=1, NumActiveChannels=1, SampleIteratorT=int8_t *, CounterT=int64_t, PrivatizedDecodeOpT=cub::_V_300600_SM_890::detail::histogram::Transforms<int, int, signed char>::PassThruTransform, OutputDecodeOpT=cub::_V_300600_SM_890::detail::histogram::Transforms<int, int, signed char>::SearchTransform<const int *>, OffsetT=int]" at line 114 of .deps/46a37f86b650bfc90b6cd852771bd31952688097/cub/cub/detail/env_dispatch.cuh
            instantiation of "cudaError_t cub::_V_300600_SM_890::detail::dispatch_with_env(void *, size_t &, const EnvT &, AlgorithmCallable &&) [with EnvT=cuda::std::execution::__4::env<>, AlgorithmCallable=lambda [](auto, void *, size_t &, cudaStream_t)->auto]" at line 132 of .deps/46a37f86b650bfc90b6cd852771bd31952688097/cub/cub/detail/env_dispatch.cuh
            instantiation of "cudaError_t cub::_V_300600_SM_890::detail::dispatch_with_env_and_tuning<DefaultPolicySelector,EnvT,AlgorithmCallable>(void *, size_t &, const EnvT &, AlgorithmCallable &&) [with DefaultPolicySelector=cub::_V_300600_SM_890::detail::histogram::policy_selector_from_types<signed char, int64_t, 1, 1, false>, EnvT=cuda::std::execution::__4::env<>, AlgorithmCallable=lambda [](auto, void *, size_t &, auto)->cudaError_t]" at line 1545 of .deps/46a37f86b650bfc90b6cd852771bd31952688097/cub/cub/device/device_histogram.cuh
            instantiation of "cudaError_t cub::_V_300600_SM_890::DeviceHistogram::MultiHistogramRange<NUM_CHANNELS,NUM_ACTIVE_CHANNELS,SampleIteratorT,CounterT,LevelT,OffsetT,EnvT>(void *, size_t &, SampleIteratorT, cuda::std::__4::array<CounterT *, NUM_ACTIVE_CHANNELS>, cuda::std::__4::array<int, NUM_ACTIVE_CHANNELS>, cuda::std::__4::array<const LevelT *, NUM_ACTIVE_CHANNELS>, OffsetT, OffsetT, size_t, const EnvT &) [with NUM_CHANNELS=1, NUM_ACTIVE_CHANNELS=1, SampleIteratorT=int8_t *, CounterT=int64_t, LevelT=int, OffsetT=int, EnvT=cuda::std::execution::__4::env<>]" at line 990 of .deps/46a37f86b650bfc90b6cd852771bd31952688097/cub/cub/device/device_histogram.cuh
            instantiation of "cudaError_t cub::_V_300600_SM_890::DeviceHistogram::HistogramRange(void *, size_t &, SampleIteratorT, CounterT *, int, const LevelT *, OffsetT, const EnvT &) [with SampleIteratorT=int8_t *, CounterT=int64_t, LevelT=int, OffsetT=int, EnvT=cuda::std::execution::__4::env<>]" at line 31 of src/histogram_probe.cu
            instantiation of "__nv_bool run_case(const std::string &, const std::vector<Sample, std::allocator<Sample>> &, const std::vector<int, std::allocator<int>> &, __nv_bool, __nv_bool) [with Sample=int8_t, Count=int64_t]" at line 90 of src/histogram_probe.cu

.deps/46a37f86b650bfc90b6cd852771bd31952688097/cub/cub/agent/agent_histogram.cuh(300): error: no instance of overloaded function "atomicAdd" matches the argument list
            argument types are: (int64_t *, const int64_t)
            atomicAdd(&d_output_histograms[ch][output_bin], count);
            ^
/usr/local/cuda-13.2/bin/../targets/x86_64-linux/include/cuda_bf16.hpp(3896): note #3326-D: function "atomicAdd(__nv_bfloat16 *, __nv_bfloat16)" does not match because argument #1 does not match parameter
  __inline__ __nv_bfloat16 atomicAdd(__nv_bfloat16 *const address, const __nv_bfloat16 val)
                           ^
/usr/local/cuda-13.2/bin/../targets/x86_64-linux/include/cuda_bf16.hpp(3874): note #3326-D: function "atomicAdd(__nv_bfloat162 *, __nv_bfloat162)" does not match because argument #1 does not match parameter
  __inline__ __nv_bfloat162 atomicAdd(__nv_bfloat162 *const address, const __nv_bfloat162 val)
                            ^
/usr/local/cuda-13.2/bin/../targets/x86_64-linux/include/cuda_fp16.hpp(3522): note #3326-D: function "atomicAdd(__half *, __half)" does not match because argument #1 does not match parameter
  __inline__ __half atomicAdd(__half *const address, const __half val) {
                    ^
/usr/local/cuda-13.2/bin/../targets/x86_64-linux/include/cuda_fp16.hpp(3501): note #3326-D: function "atomicAdd(__half2 *, __half2)" does not match because argument #1 does not match parameter
  __inline__ __half2 atomicAdd(__half2 *const address, const __half2 val) {
                     ^
/usr/local/cuda-13.2/bin/../targets/x86_64-linux/include/sm_60_atomic_functions.hpp(292): note #3326-D: function "atomicAdd(double *, double)" does not match because argument #1 does not match parameter
  static __inline__ __attribute__((device)) double atomicAdd(double *address, double val)
                                                   ^
/usr/local/cuda-13.2/bin/../targets/x86_64-linux/include/sm_20_atomic_functions.hpp(82): note #3326-D: function "atomicAdd(float *, float)" does not match because argument #1 does not match parameter
  static __inline__ __attribute__((device)) float atomicAdd(float *address, float val)
                                                  ^
/usr/local/cuda-13.2/bin/../targets/x86_64-linux/include/device_atomic_functions.hpp(224): note #3326-D: function "atomicAdd(unsigned long long *, unsigned long long)" does not match because argument #1 does not match parameter
  static __inline__ __attribute__((device)) unsigned long long int atomicAdd(unsigned long long int *address, unsigned long long int val)
                                                                   ^
/usr/local/cuda-13.2/bin/../targets/x86_64-linux/include/device_atomic_functions.hpp(110): note #3326-D: function "atomicAdd(unsigned int *, unsigned int)" does not match because argument #1 does not match parameter
  static __inline__ __attribute__((device)) unsigned int atomicAdd(unsigned int *address, unsigned int val)
                                                         ^
/usr/local/cuda-13.2/bin/../targets/x86_64-linux/include/device_atomic_functions.hpp(105): note #3326-D: function "atomicAdd(int *, int)" does not match because argument #1 does not match parameter
  static __inline__ __attribute__((device)) int atomicAdd(int *address, int val)
                                                ^
          detected during:
            instantiation of "void cub::_V_300600_SM_890::detail::histogram::AgentHistogram<AgentHistogramPolicyT, PrivatizedSmemBins, NumChannels, NumActiveChannels, SampleIteratorT, CounterT, PrivatizedDecodeOpT, OutputDecodeOpT, OffsetT>::StoreOutput(TwoDimSubscriptableCounterT &) [with AgentHistogramPolicyT=cub::_V_300600_SM_890::detail::agent_histogram_policy<384, 16, cub::_V_300600_SM_890::BLOCK_LOAD_DIRECT, cub::_V_300600_SM_890::LOAD_LDG, true, cub::_V_300600_SM_890::SMEM, false, 4>, PrivatizedSmemBins=256, NumChannels=1, NumActiveChannels=1, SampleIteratorT=int8_t *, CounterT=int64_t, PrivatizedDecodeOpT=cub::_V_300600_SM_890::detail::histogram::Transforms<int, int, signed char>::PassThruTransform, OutputDecodeOpT=cub::_V_300600_SM_890::detail::histogram::Transforms<int, int, signed char>::SearchTransform<const int *>, OffsetT=int, TwoDimSubscriptableCounterT=int64_t *[1]]" at line 719
            instantiation of "void cub::_V_300600_SM_890::detail::histogram::AgentHistogram<AgentHistogramPolicyT, PrivatizedSmemBins, NumChannels, NumActiveChannels, SampleIteratorT, CounterT, PrivatizedDecodeOpT, OutputDecodeOpT, OffsetT>::StoreOutput() [with AgentHistogramPolicyT=cub::_V_300600_SM_890::detail::agent_histogram_policy<384, 16, cub::_V_300600_SM_890::BLOCK_LOAD_DIRECT, cub::_V_300600_SM_890::LOAD_LDG, true, cub::_V_300600_SM_890::SMEM, false, 4>, PrivatizedSmemBins=256, NumChannels=1, NumActiveChannels=1, SampleIteratorT=int8_t *, CounterT=int64_t, PrivatizedDecodeOpT=cub::_V_300600_SM_890::detail::histogram::Transforms<int, int, signed char>::PassThruTransform, OutputDecodeOpT=cub::_V_300600_SM_890::detail::histogram::Transforms<int, int, signed char>::SearchTransform<const int *>, OffsetT=int]" at line 518 of .deps/46a37f86b650bfc90b6cd852771bd31952688097/cub/cub/device/dispatch/kernels/kernel_histogram.cuh
            instantiation of "void cub::_V_300600_SM_890::detail::histogram::DeviceHistogramSweepKernel<PolicySelector,PrivatizedSmemBins,NumChannels,NumActiveChannels,SampleIteratorT,CounterT,PrivatizedDecodeOpT,OutputDecodeOpT,OffsetT>(SampleIteratorT, cuda::std::__4::array<int, NumActiveChannels>, cuda::std::__4::array<int, NumActiveChannels>, cuda::std::__4::array<CounterT *, NumActiveChannels>, cuda::std::__4::array<CounterT *, NumActiveChannels>, cuda::std::__4::array<OutputDecodeOpT, NumActiveChannels>, cuda::std::__4::array<PrivatizedDecodeOpT, NumActiveChannels>, OffsetT, OffsetT, OffsetT, int, cub::_V_300600_SM_890::GridQueue<int>) [with PolicySelector=cub::_V_300600_SM_890::detail::histogram::policy_selector_from_types<signed char, int64_t, 1, 1, false>, PrivatizedSmemBins=256, NumChannels=1, NumActiveChannels=1, SampleIteratorT=int8_t *, CounterT=int64_t, PrivatizedDecodeOpT=cub::_V_300600_SM_890::detail::histogram::Transforms<int, int, signed char>::PassThruTransform, OutputDecodeOpT=cub::_V_300600_SM_890::detail::histogram::Transforms<int, int, signed char>::SearchTransform<const int *>, OffsetT=int]" at line 114 of .deps/46a37f86b650bfc90b6cd852771bd31952688097/cub/cub/detail/env_dispatch.cuh
            instantiation of "cudaError_t cub::_V_300600_SM_890::detail::dispatch_with_env(void *, size_t &, const EnvT &, AlgorithmCallable &&) [with EnvT=cuda::std::execution::__4::env<>, AlgorithmCallable=lambda [](auto, void *, size_t &, cudaStream_t)->auto]" at line 132 of .deps/46a37f86b650bfc90b6cd852771bd31952688097/cub/cub/detail/env_dispatch.cuh
            instantiation of "cudaError_t cub::_V_300600_SM_890::detail::dispatch_with_env_and_tuning<DefaultPolicySelector,EnvT,AlgorithmCallable>(void *, size_t &, const EnvT &, AlgorithmCallable &&) [with DefaultPolicySelector=cub::_V_300600_SM_890::detail::histogram::policy_selector_from_types<signed char, int64_t, 1, 1, false>, EnvT=cuda::std::execution::__4::env<>, AlgorithmCallable=lambda [](auto, void *, size_t &, auto)->cudaError_t]" at line 1545 of .deps/46a37f86b650bfc90b6cd852771bd31952688097/cub/cub/device/device_histogram.cuh
            instantiation of "cudaError_t cub::_V_300600_SM_890::DeviceHistogram::MultiHistogramRange<NUM_CHANNELS,NUM_ACTIVE_CHANNELS,SampleIteratorT,CounterT,LevelT,OffsetT,EnvT>(void *, size_t &, SampleIteratorT, cuda::std::__4::array<CounterT *, NUM_ACTIVE_CHANNELS>, cuda::std::__4::array<int, NUM_ACTIVE_CHANNELS>, cuda::std::__4::array<const LevelT *, NUM_ACTIVE_CHANNELS>, OffsetT, OffsetT, size_t, const EnvT &) [with NUM_CHANNELS=1, NUM_ACTIVE_CHANNELS=1, SampleIteratorT=int8_t *, CounterT=int64_t, LevelT=int, OffsetT=int, EnvT=cuda::std::execution::__4::env<>]" at line 990 of .deps/46a37f86b650bfc90b6cd852771bd31952688097/cub/cub/device/device_histogram.cuh
            instantiation of "cudaError_t cub::_V_300600_SM_890::DeviceHistogram::HistogramRange(void *, size_t &, SampleIteratorT, CounterT *, int, const LevelT *, OffsetT, const EnvT &) [with SampleIteratorT=int8_t *, CounterT=int64_t, LevelT=int, OffsetT=int, EnvT=cuda::std::execution::__4::env<>]" at line 31 of src/histogram_probe.cu
            instantiation of "__nv_bool run_case(const std::string &, const std::vector<Sample, std::allocator<Sample>> &, const std::vector<int, std::allocator<int>> &, __nv_bool, __nv_bool) [with Sample=int8_t, Count=int64_t]" at line 90 of src/histogram_probe.cu

12 errors detected in the compilation of "src/histogram_probe.cu".
